Label,Symptoms
Actinic Keratosis Basal Cell Carcinoma and other Malignant Lesions,"changes in the size, shape, or color of moles, waxy or scar-like areas, flat or sunken lesions, shiny bumps, pink growths, open sores, red patches, Scaly or crusty growths, bleeding or scabbing, raised red spots"
Actinic Keratosis Basal Cell Carcinoma and other Malignant Lesions,"changes in the size, shape, or color of moles, waxy or scar-like areas, pink growths, raised red spots, open sores, flat or sunken lesions, bleeding or scabbing, Scaly or crusty growths, shiny bumps, red patches"
Actinic Keratosis Basal Cell Carcinoma and other Malignant Lesions,"bleeding or scabbing, open sores, pink growths, changes in the size, shape, or color of moles, red patches, flat or sunken lesions, shiny bumps, raised red spots, waxy or scar-like areas, Scaly or crusty growths"
Actinic Keratosis Basal Cell Carcinoma and other Malignant Lesions,"flat or sunken lesions, raised red spots, red patches, shiny bumps, bleeding or scabbing, pink growths, Scaly or crusty growths, open sores, changes in the size, shape, or color of moles, waxy or scar-like areas"
Actinic Keratosis Basal Cell Carcinoma and other Malignant Lesions,"open sores, red patches, flat or sunken lesions, waxy or scar-like areas, bleeding or scabbing, pink growths, changes in the size, shape, or color of moles, Scaly or crusty growths, shiny bumps, raised red spots"
Actinic Keratosis Basal Cell Carcinoma and other Malignant Lesions,"flat or sunken lesions, red patches, waxy or scar-like areas, bleeding or scabbing, changes in the size, shape, or color of moles, open sores, shiny bumps, pink growths, Scaly or crusty growths, raised red spots"
Actinic Keratosis Basal Cell Carcinoma and other Malignant Lesions,"bleeding or scabbing, pink growths, raised red spots, flat or sunken lesions, red patches, shiny bumps, open sores, waxy or scar-like areas, Scaly or crusty growths, changes in the size, shape, or color of moles"
Actinic Keratosis Basal Cell Carcinoma and other Malignant Lesions,"flat or sunken lesions, raised red spots, Scaly or crusty growths, shiny bumps, waxy or scar-like areas, changes in the size, shape, or color of moles, open sores, pink growths, red patches, bleeding or scabbing"
Actinic Keratosis Basal Cell Carcinoma and other Malignant Lesions,"red patches, Scaly or crusty growths, flat or sunken lesions, bleeding or scabbing, raised red spots, changes in the size, shape, or color of moles, shiny bumps, open sores, waxy or scar-like areas, pink growths"
Actinic Keratosis Basal Cell Carcinoma and other Malignant Lesions,"shiny bumps, raised red spots, open sores, bleeding or scabbing, pink growths, changes in the size, shape, or color of moles, flat or sunken lesions, Scaly or crusty growths, red patches, waxy or scar-like areas"
Actinic Keratosis Basal Cell Carcinoma and other Malignant Lesions,"Scaly or crusty growths, flat or sunken lesions, changes in the size, shape, or color of moles, bleeding or scabbing, raised red spots, waxy or scar-like areas, open sores, pink growths, shiny bumps, red patches"
Actinic Keratosis Basal Cell Carcinoma and other Malignant Lesions,"changes in the size, shape, or color of moles, flat or sunken lesions, waxy or scar-like areas, pink growths, Scaly or crusty growths, bleeding or scabbing, raised red spots, red patches, shiny bumps, open sores"
Actinic Keratosis Basal Cell Carcinoma and other Malignant Lesions,"bleeding or scabbing, shiny bumps, raised red spots, red patches, Scaly or crusty growths, flat or sunken lesions, waxy or scar-like areas, open sores, changes in the size, shape, or color of moles, pink growths"
Actinic Keratosis Basal Cell Carcinoma and other Malignant Lesions,"red patches, pink growths, raised red spots, changes in the size, shape, or color of moles, open sores, flat or sunken lesions, Scaly or crusty growths, shiny bumps, waxy or scar-like areas, bleeding or scabbing"
Actinic Keratosis Basal Cell Carcinoma and other Malignant Lesions,"bleeding or scabbing, waxy or scar-like areas, raised red spots, pink growths, flat or sunken lesions, Scaly or crusty growths, open sores, shiny bumps, changes in the size, shape, or color of moles, red patches"
Actinic Keratosis Basal Cell Carcinoma and other Malignant Lesions,"red patches, waxy or scar-like areas, Scaly or crusty growths, open sores, bleeding or scabbing, changes in the size, shape, or color of moles, shiny bumps, raised red spots, flat or sunken lesions, pink growths"
Actinic Keratosis Basal Cell Carcinoma and other Malignant Lesions,"open sores, Scaly or crusty growths, flat or sunken lesions, pink growths, waxy or scar-like areas, changes in the size, shape, or color of moles, bleeding or scabbing, raised red spots, shiny bumps, red patches"
Actinic Keratosis Basal Cell Carcinoma and other Malignant Lesions,"Scaly or crusty growths, changes in the size, shape, or color of moles, bleeding or scabbing, flat or sunken lesions, waxy or scar-like areas, open sores, shiny bumps, red patches, pink growths, raised red spots"
Actinic Keratosis Basal Cell Carcinoma and other Malignant Lesions,"Scaly or crusty growths, shiny bumps, waxy or scar-like areas, red patches, changes in the size, shape, or color of moles, raised red spots, flat or sunken lesions, open sores, pink growths, bleeding or scabbing"
Actinic Keratosis Basal Cell Carcinoma and other Malignant Lesions,"open sores, red patches, bleeding or scabbing, waxy or scar-like areas, raised red spots, changes in the size, shape, or color of moles, shiny bumps, flat or sunken lesions, pink growths, Scaly or crusty growths"
Actinic Keratosis Basal Cell Carcinoma and other Malignant Lesions,"pink growths, changes in the size, shape, or color of moles, shiny bumps, raised red spots, waxy or scar-like areas, Scaly or crusty growths, open sores, bleeding or scabbing, red patches, flat or sunken lesions"
Actinic Keratosis Basal Cell Carcinoma and other Malignant Lesions,"bleeding or scabbing, flat or sunken lesions, changes in the size, shape, or color of moles, open sores, pink growths, shiny bumps, Scaly or crusty growths, raised red spots, waxy or scar-like areas, red patches"
Actinic Keratosis Basal Cell Carcinoma and other Malignant Lesions,"shiny bumps, bleeding or scabbing, raised red spots, red patches, open sores, pink growths, Scaly or crusty growths, changes in the size, shape, or color of moles, flat or sunken lesions, waxy or scar-like areas"
Actinic Keratosis Basal Cell Carcinoma and other Malignant Lesions,"flat or sunken lesions, pink growths, red patches, waxy or scar-like areas, open sores, shiny bumps, raised red spots, changes in the size, shape, or color of moles, Scaly or crusty growths, bleeding or scabbing"
Actinic Keratosis Basal Cell Carcinoma and other Malignant Lesions,"bleeding or scabbing, flat or sunken lesions, changes in the size, shape, or color of moles, Scaly or crusty growths, open sores, pink growths, shiny bumps, waxy or scar-like areas, raised red spots, red patches"
Actinic Keratosis Basal Cell Carcinoma and other Malignant Lesions,"waxy or scar-like areas, Scaly or crusty growths, shiny bumps, open sores, flat or sunken lesions, changes in the size, shape, or color of moles, pink growths, raised red spots, red patches, bleeding or scabbing"
Actinic Keratosis Basal Cell Carcinoma and other Malignant Lesions,"waxy or scar-like areas, open sores, flat or sunken lesions, Scaly or crusty growths, raised red spots, changes in the size, shape, or color of moles, shiny bumps, pink growths, red patches, bleeding or scabbing"
Actinic Keratosis Basal Cell Carcinoma and other Malignant Lesions,"red patches, pink growths, Scaly or crusty growths, changes in the size, shape, or color of moles, bleeding or scabbing, open sores, waxy or scar-like areas, flat or sunken lesions, shiny bumps, raised red spots"
Actinic Keratosis Basal Cell Carcinoma and other Malignant Lesions,"bleeding or scabbing, red patches, flat or sunken lesions, Scaly or crusty growths, changes in the size, shape, or color of moles, shiny bumps, raised red spots, waxy or scar-like areas, pink growths, open sores"
Actinic Keratosis Basal Cell Carcinoma and other Malignant Lesions,"waxy or scar-like areas, open sores, red patches, flat or sunken lesions, pink growths, bleeding or scabbing, Scaly or crusty growths, changes in the size, shape, or color of moles, shiny bumps, raised red spots"
Actinic Keratosis Basal Cell Carcinoma and other Malignant Lesions,"flat or sunken lesions, bleeding or scabbing, Scaly or crusty growths, shiny bumps, waxy or scar-like areas, red patches, raised red spots, open sores, changes in the size, shape, or color of moles, pink growths"
Actinic Keratosis Basal Cell Carcinoma and other Malignant Lesions,"flat or sunken lesions, Scaly or crusty growths, waxy or scar-like areas, bleeding or scabbing, open sores, red patches, changes in the size, shape, or color of moles, pink growths, raised red spots, shiny bumps"
Actinic Keratosis Basal Cell Carcinoma and other Malignant Lesions,"red patches, raised red spots, shiny bumps, Scaly or crusty growths, flat or sunken lesions, bleeding or scabbing, waxy or scar-like areas, open sores, pink growths, changes in the size, shape, or color of moles"
Actinic Keratosis Basal Cell Carcinoma and other Malignant Lesions,"bleeding or scabbing, pink growths, open sores, waxy or scar-like areas, flat or sunken lesions, shiny bumps, raised red spots, changes in the size, shape, or color of moles, Scaly or crusty growths, red patches"
Actinic Keratosis Basal Cell Carcinoma and other Malignant Lesions,"waxy or scar-like areas, changes in the size, shape, or color of moles, pink growths, flat or sunken lesions, red patches, shiny bumps, bleeding or scabbing, raised red spots, Scaly or crusty growths, open sores"
Actinic Keratosis Basal Cell Carcinoma and other Malignant Lesions,"shiny bumps, Scaly or crusty growths, bleeding or scabbing, open sores, pink growths, raised red spots, changes in the size, shape, or color of moles, red patches, flat or sunken lesions, waxy or scar-like areas"
Actinic Keratosis Basal Cell Carcinoma and other Malignant Lesions,"Scaly or crusty growths, changes in the size, shape, or color of moles, pink growths, waxy or scar-like areas, shiny bumps, open sores, flat or sunken lesions, bleeding or scabbing, raised red spots, red patches"
Actinic Keratosis Basal Cell Carcinoma and other Malignant Lesions,"open sores, pink growths, Scaly or crusty growths, waxy or scar-like areas, bleeding or scabbing, changes in the size, shape, or color of moles, raised red spots, shiny bumps, red patches, flat or sunken lesions"
Actinic Keratosis Basal Cell Carcinoma and other Malignant Lesions,"open sores, raised red spots, Scaly or crusty growths, waxy or scar-like areas, red patches, flat or sunken lesions, changes in the size, shape, or color of moles, pink growths, bleeding or scabbing, shiny bumps"
Actinic Keratosis Basal Cell Carcinoma and other Malignant Lesions,"Scaly or crusty growths, shiny bumps, raised red spots, changes in the size, shape, or color of moles, red patches, flat or sunken lesions, bleeding or scabbing, pink growths, waxy or scar-like areas, open sores"
Actinic Keratosis Basal Cell Carcinoma and other Malignant Lesions,"raised red spots, open sores, red patches, Scaly or crusty growths, pink growths, waxy or scar-like areas, shiny bumps, changes in the size, shape, or color of moles, flat or sunken lesions, bleeding or scabbing"
Actinic Keratosis Basal Cell Carcinoma and other Malignant Lesions,"waxy or scar-like areas, bleeding or scabbing, changes in the size, shape, or color of moles, red patches, flat or sunken lesions, open sores, pink growths, shiny bumps, Scaly or crusty growths, raised red spots"
Actinic Keratosis Basal Cell Carcinoma and other Malignant Lesions,"changes in the size, shape, or color of moles, flat or sunken lesions, Scaly or crusty growths, waxy or scar-like areas, pink growths, shiny bumps, red patches, bleeding or scabbing, raised red spots, open sores"
Actinic Keratosis Basal Cell Carcinoma and other Malignant Lesions,"pink growths, open sores, flat or sunken lesions, bleeding or scabbing, raised red spots, Scaly or crusty growths, waxy or scar-like areas, red patches, changes in the size, shape, or color of moles, shiny bumps"
Actinic Keratosis Basal Cell Carcinoma and other Malignant Lesions,"bleeding or scabbing, waxy or scar-like areas, raised red spots, open sores, pink growths, flat or sunken lesions, shiny bumps, Scaly or crusty growths, changes in the size, shape, or color of moles, red patches"
Actinic Keratosis Basal Cell Carcinoma and other Malignant Lesions,"bleeding or scabbing, changes in the size, shape, or color of moles, pink growths, Scaly or crusty growths, red patches, open sores, flat or sunken lesions, shiny bumps, waxy or scar-like areas, raised red spots"
Actinic Keratosis Basal Cell Carcinoma and other Malignant Lesions,"pink growths, shiny bumps, Scaly or crusty growths, raised red spots, flat or sunken lesions, red patches, changes in the size, shape, or color of moles, open sores, waxy or scar-like areas, bleeding or scabbing"
Actinic Keratosis Basal Cell Carcinoma and other Malignant Lesions,"waxy or scar-like areas, Scaly or crusty growths, flat or sunken lesions, open sores, bleeding or scabbing, shiny bumps, raised red spots, pink growths, changes in the size, shape, or color of moles, red patches"
Actinic Keratosis Basal Cell Carcinoma and other Malignant Lesions,"raised red spots, red patches, shiny bumps, waxy or scar-like areas, flat or sunken lesions, pink growths, open sores, changes in the size, shape, or color of moles, bleeding or scabbing, Scaly or crusty growths"
Actinic Keratosis Basal Cell Carcinoma and other Malignant Lesions,"open sores, bleeding or scabbing, raised red spots, waxy or scar-like areas, red patches, Scaly or crusty growths, shiny bumps, changes in the size, shape, or color of moles, pink growths, flat or sunken lesions"
Actinic Keratosis Basal Cell Carcinoma and other Malignant Lesions,"raised red spots, pink growths, bleeding or scabbing, changes in the size, shape, or color of moles, Scaly or crusty growths, open sores, flat or sunken lesions, red patches, shiny bumps, waxy or scar-like areas"
Actinic Keratosis Basal Cell Carcinoma and other Malignant Lesions,"flat or sunken lesions, red patches, raised red spots, shiny bumps, pink growths, Scaly or crusty growths, changes in the size, shape, or color of moles, bleeding or scabbing, open sores, waxy or scar-like areas"
Actinic Keratosis Basal Cell Carcinoma and other Malignant Lesions,"Scaly or crusty growths, flat or sunken lesions, waxy or scar-like areas, open sores, pink growths, raised red spots, changes in the size, shape, or color of moles, red patches, shiny bumps, bleeding or scabbing"
Actinic Keratosis Basal Cell Carcinoma and other Malignant Lesions,"pink growths, shiny bumps, raised red spots, bleeding or scabbing, Scaly or crusty growths, changes in the size, shape, or color of moles, flat or sunken lesions, red patches, waxy or scar-like areas, open sores"
Actinic Keratosis Basal Cell Carcinoma and other Malignant Lesions,"open sores, pink growths, waxy or scar-like areas, red patches, Scaly or crusty growths, changes in the size, shape, or color of moles, raised red spots, bleeding or scabbing, flat or sunken lesions, shiny bumps"
Actinic Keratosis Basal Cell Carcinoma and other Malignant Lesions,"Scaly or crusty growths, pink growths, changes in the size, shape, or color of moles, open sores, raised red spots, shiny bumps, waxy or scar-like areas, bleeding or scabbing, flat or sunken lesions, red patches"
Actinic Keratosis Basal Cell Carcinoma and other Malignant Lesions,"changes in the size, shape, or color of moles, flat or sunken lesions, shiny bumps, pink growths, red patches, raised red spots, Scaly or crusty growths, open sores, bleeding or scabbing, waxy or scar-like areas"
Actinic Keratosis Basal Cell Carcinoma and other Malignant Lesions,"Scaly or crusty growths, open sores, red patches, raised red spots, flat or sunken lesions, waxy or scar-like areas, bleeding or scabbing, pink growths, shiny bumps, changes in the size, shape, or color of moles"
Actinic Keratosis Basal Cell Carcinoma and other Malignant Lesions,"waxy or scar-like areas, open sores, Scaly or crusty growths, pink growths, changes in the size, shape, or color of moles, shiny bumps, bleeding or scabbing, raised red spots, red patches, flat or sunken lesions"
Actinic Keratosis Basal Cell Carcinoma and other Malignant Lesions,"Scaly or crusty growths, shiny bumps, waxy or scar-like areas, raised red spots, bleeding or scabbing, pink growths, open sores, red patches, changes in the size, shape, or color of moles, flat or sunken lesions"
Actinic Keratosis Basal Cell Carcinoma and other Malignant Lesions,"waxy or scar-like areas, open sores, flat or sunken lesions, Scaly or crusty growths, bleeding or scabbing, pink growths, changes in the size, shape, or color of moles, shiny bumps, raised red spots, red patches"
Actinic Keratosis Basal Cell Carcinoma and other Malignant Lesions,"waxy or scar-like areas, bleeding or scabbing, flat or sunken lesions, pink growths, open sores, raised red spots, Scaly or crusty growths, shiny bumps, red patches, changes in the size, shape, or color of moles"
Atopic Dermatitis Photos,"thickened, cracked, or scaly skin, oozing and crusting, raw, sensitive, swollen skin, dark circles under the eyes, Itchy skin, areas of discoloration, red to brownish-gray patches, small raised bumps"
Atopic Dermatitis Photos,"red to brownish-gray patches, areas of discoloration, thickened, cracked, or scaly skin, Itchy skin, dark circles under the eyes, raw, sensitive, swollen skin, small raised bumps, oozing and crusting"
Atopic Dermatitis Photos,"raw, sensitive, swollen skin, dark circles under the eyes, thickened, cracked, or scaly skin, areas of discoloration, oozing and crusting, Itchy skin, red to brownish-gray patches, small raised bumps"
Atopic Dermatitis Photos,"dark circles under the eyes, thickened, cracked, or scaly skin, Itchy skin, red to brownish-gray patches, areas of discoloration, small raised bumps, raw, sensitive, swollen skin, oozing and crusting"
Atopic Dermatitis Photos,"thickened, cracked, or scaly skin, areas of discoloration, dark circles under the eyes, raw, sensitive, swollen skin, oozing and crusting, Itchy skin, small raised bumps, red to brownish-gray patches"
Atopic Dermatitis Photos,"oozing and crusting, raw, sensitive, swollen skin, small raised bumps, dark circles under the eyes, thickened, cracked, or scaly skin, Itchy skin, areas of discoloration, red to brownish-gray patches"
Atopic Dermatitis Photos,"oozing and crusting, small raised bumps, dark circles under the eyes, areas of discoloration, Itchy skin, red to brownish-gray patches, thickened, cracked, or scaly skin, raw, sensitive, swollen skin"
Atopic Dermatitis Photos,"raw, sensitive, swollen skin, areas of discoloration, thickened, cracked, or scaly skin, red to brownish-gray patches, Itchy skin, small raised bumps, dark circles under the eyes, oozing and crusting"
Atopic Dermatitis Photos,"small raised bumps, thickened, cracked, or scaly skin, dark circles under the eyes, areas of discoloration, red to brownish-gray patches, Itchy skin, raw, sensitive, swollen skin, oozing and crusting"
Atopic Dermatitis Photos,"areas of discoloration, thickened, cracked, or scaly skin, small raised bumps, dark circles under the eyes, Itchy skin, raw, sensitive, swollen skin, oozing and crusting, red to brownish-gray patches"
Atopic Dermatitis Photos,"Itchy skin, thickened, cracked, or scaly skin, red to brownish-gray patches, dark circles under the eyes, raw, sensitive, swollen skin, areas of discoloration, small raised bumps, oozing and crusting"
Atopic Dermatitis Photos,"small raised bumps, dark circles under the eyes, red to brownish-gray patches, areas of discoloration, Itchy skin, thickened, cracked, or scaly skin, oozing and crusting, raw, sensitive, swollen skin"
Atopic Dermatitis Photos,"dark circles under the eyes, areas of discoloration, red to brownish-gray patches, thickened, cracked, or scaly skin, small raised bumps, raw, sensitive, swollen skin, Itchy skin, oozing and crusting"
Atopic Dermatitis Photos,"areas of discoloration, Itchy skin, dark circles under the eyes, thickened, cracked, or scaly skin, small raised bumps, red to brownish-gray patches, raw, sensitive, swollen skin, oozing and crusting"
Atopic Dermatitis Photos,"small raised bumps, dark circles under the eyes, Itchy skin, red to brownish-gray patches, thickened, cracked, or scaly skin, oozing and crusting, areas of discoloration, raw, sensitive, swollen skin"
Atopic Dermatitis Photos,"small raised bumps, oozing and crusting, dark circles under the eyes, Itchy skin, red to brownish-gray patches, areas of discoloration, thickened, cracked, or scaly skin, raw, sensitive, swollen skin"
Atopic Dermatitis Photos,"red to brownish-gray patches, areas of discoloration, dark circles under the eyes, oozing and crusting, thickened, cracked, or scaly skin, Itchy skin, raw, sensitive, swollen skin, small raised bumps"
Atopic Dermatitis Photos,"red to brownish-gray patches, dark circles under the eyes, small raised bumps, Itchy skin, oozing and crusting, raw, sensitive, swollen skin, thickened, cracked, or scaly skin, areas of discoloration"
Atopic Dermatitis Photos,"Itchy skin, raw, sensitive, swollen skin, dark circles under the eyes, red to brownish-gray patches, areas of discoloration, thickened, cracked, or scaly skin, small raised bumps, oozing and crusting"
Atopic Dermatitis Photos,"red to brownish-gray patches, small raised bumps, thickened, cracked, or scaly skin, Itchy skin, areas of discoloration, dark circles under the eyes, oozing and crusting, raw, sensitive, swollen skin"
Atopic Dermatitis Photos,"areas of discoloration, raw, sensitive, swollen skin, dark circles under the eyes, small raised bumps, oozing and crusting, red to brownish-gray patches, Itchy skin, thickened, cracked, or scaly skin"
Atopic Dermatitis Photos,"thickened, cracked, or scaly skin, oozing and crusting, areas of discoloration, small raised bumps, red to brownish-gray patches, raw, sensitive, swollen skin, dark circles under the eyes, Itchy skin"
Atopic Dermatitis Photos,"dark circles under the eyes, small raised bumps, raw, sensitive, swollen skin, Itchy skin, oozing and crusting, areas of discoloration, thickened, cracked, or scaly skin, red to brownish-gray patches"
Atopic Dermatitis Photos,"red to brownish-gray patches, oozing and crusting, raw, sensitive, swollen skin, thickened, cracked, or scaly skin, small raised bumps, areas of discoloration, dark circles under the eyes, Itchy skin"
Atopic Dermatitis Photos,"red to brownish-gray patches, areas of discoloration, thickened, cracked, or scaly skin, small raised bumps, raw, sensitive, swollen skin, Itchy skin, dark circles under the eyes, oozing and crusting"
Atopic Dermatitis Photos,"raw, sensitive, swollen skin, areas of discoloration, Itchy skin, dark circles under the eyes, small raised bumps, thickened, cracked, or scaly skin, red to brownish-gray patches, oozing and crusting"
Atopic Dermatitis Photos,"thickened, cracked, or scaly skin, raw, sensitive, swollen skin, dark circles under the eyes, small raised bumps, red to brownish-gray patches, areas of discoloration, oozing and crusting, Itchy skin"
Atopic Dermatitis Photos,"thickened, cracked, or scaly skin, raw, sensitive, swollen skin, oozing and crusting, Itchy skin, red to brownish-gray patches, small raised bumps, areas of discoloration, dark circles under the eyes"
Atopic Dermatitis Photos,"red to brownish-gray patches, small raised bumps, areas of discoloration, oozing and crusting, Itchy skin, raw, sensitive, swollen skin, dark circles under the eyes, thickened, cracked, or scaly skin"
Atopic Dermatitis Photos,"small raised bumps, dark circles under the eyes, Itchy skin, areas of discoloration, red to brownish-gray patches, raw, sensitive, swollen skin, oozing and crusting, thickened, cracked, or scaly skin"
Atopic Dermatitis Photos,"thickened, cracked, or scaly skin, small raised bumps, raw, sensitive, swollen skin, dark circles under the eyes, oozing and crusting, red to brownish-gray patches, areas of discoloration, Itchy skin"
Atopic Dermatitis Photos,"oozing and crusting, Itchy skin, dark circles under the eyes, red to brownish-gray patches, thickened, cracked, or scaly skin, areas of discoloration, raw, sensitive, swollen skin, small raised bumps"
Atopic Dermatitis Photos,"red to brownish-gray patches, Itchy skin, areas of discoloration, small raised bumps, oozing and crusting, thickened, cracked, or scaly skin, raw, sensitive, swollen skin, dark circles under the eyes"
Atopic Dermatitis Photos,"small raised bumps, Itchy skin, oozing and crusting, thickened, cracked, or scaly skin, dark circles under the eyes, areas of discoloration, red to brownish-gray patches, raw, sensitive, swollen skin"
Atopic Dermatitis Photos,"thickened, cracked, or scaly skin, raw, sensitive, swollen skin, areas of discoloration, red to brownish-gray patches, oozing and crusting, dark circles under the eyes, Itchy skin, small raised bumps"
Atopic Dermatitis Photos,"dark circles under the eyes, raw, sensitive, swollen skin, Itchy skin, oozing and crusting, thickened, cracked, or scaly skin, red to brownish-gray patches, small raised bumps, areas of discoloration"
Atopic Dermatitis Photos,"Itchy skin, oozing and crusting, raw, sensitive, swollen skin, dark circles under the eyes, small raised bumps, thickened, cracked, or scaly skin, red to brownish-gray patches, areas of discoloration"
Atopic Dermatitis Photos,"raw, sensitive, swollen skin, oozing and crusting, areas of discoloration, small raised bumps, dark circles under the eyes, thickened, cracked, or scaly skin, Itchy skin, red to brownish-gray patches"
Atopic Dermatitis Photos,"dark circles under the eyes, raw, sensitive, swollen skin, thickened, cracked, or scaly skin, areas of discoloration, Itchy skin, oozing and crusting, small raised bumps, red to brownish-gray patches"
Atopic Dermatitis Photos,"red to brownish-gray patches, thickened, cracked, or scaly skin, oozing and crusting, Itchy skin, dark circles under the eyes, small raised bumps, raw, sensitive, swollen skin, areas of discoloration"
Atopic Dermatitis Photos,"Itchy skin, areas of discoloration, small raised bumps, red to brownish-gray patches, raw, sensitive, swollen skin, oozing and crusting, dark circles under the eyes, thickened, cracked, or scaly skin"
Atopic Dermatitis Photos,"small raised bumps, dark circles under the eyes, areas of discoloration, thickened, cracked, or scaly skin, oozing and crusting, red to brownish-gray patches, raw, sensitive, swollen skin, Itchy skin"
Atopic Dermatitis Photos,"small raised bumps, areas of discoloration, Itchy skin, raw, sensitive, swollen skin, red to brownish-gray patches, dark circles under the eyes, thickened, cracked, or scaly skin, oozing and crusting"
Atopic Dermatitis Photos,"red to brownish-gray patches, dark circles under the eyes, areas of discoloration, small raised bumps, Itchy skin, raw, sensitive, swollen skin, oozing and crusting, thickened, cracked, or scaly skin"
Atopic Dermatitis Photos,"oozing and crusting, red to brownish-gray patches, small raised bumps, Itchy skin, raw, sensitive, swollen skin, dark circles under the eyes, areas of discoloration, thickened, cracked, or scaly skin"
Atopic Dermatitis Photos,"small raised bumps, areas of discoloration, red to brownish-gray patches, oozing and crusting, dark circles under the eyes, thickened, cracked, or scaly skin, raw, sensitive, swollen skin, Itchy skin"
Atopic Dermatitis Photos,"thickened, cracked, or scaly skin, areas of discoloration, red to brownish-gray patches, Itchy skin, raw, sensitive, swollen skin, dark circles under the eyes, oozing and crusting, small raised bumps"
Atopic Dermatitis Photos,"oozing and crusting, red to brownish-gray patches, small raised bumps, areas of discoloration, Itchy skin, raw, sensitive, swollen skin, dark circles under the eyes, thickened, cracked, or scaly skin"
Atopic Dermatitis Photos,"red to brownish-gray patches, areas of discoloration, raw, sensitive, swollen skin, dark circles under the eyes, Itchy skin, oozing and crusting, small raised bumps, thickened, cracked, or scaly skin"
Atopic Dermatitis Photos,"raw, sensitive, swollen skin, oozing and crusting, thickened, cracked, or scaly skin, dark circles under the eyes, areas of discoloration, small raised bumps, Itchy skin, red to brownish-gray patches"
Atopic Dermatitis Photos,"Itchy skin, small raised bumps, oozing and crusting, areas of discoloration, red to brownish-gray patches, raw, sensitive, swollen skin, dark circles under the eyes, thickened, cracked, or scaly skin"
Atopic Dermatitis Photos,"areas of discoloration, small raised bumps, Itchy skin, thickened, cracked, or scaly skin, red to brownish-gray patches, oozing and crusting, dark circles under the eyes, raw, sensitive, swollen skin"
Atopic Dermatitis Photos,"raw, sensitive, swollen skin, dark circles under the eyes, thickened, cracked, or scaly skin, areas of discoloration, red to brownish-gray patches, oozing and crusting, small raised bumps, Itchy skin"
Atopic Dermatitis Photos,"thickened, cracked, or scaly skin, raw, sensitive, swollen skin, dark circles under the eyes, oozing and crusting, small raised bumps, red to brownish-gray patches, areas of discoloration, Itchy skin"
Atopic Dermatitis Photos,"dark circles under the eyes, raw, sensitive, swollen skin, areas of discoloration, oozing and crusting, thickened, cracked, or scaly skin, small raised bumps, red to brownish-gray patches, Itchy skin"
Atopic Dermatitis Photos,"raw, sensitive, swollen skin, Itchy skin, small raised bumps, thickened, cracked, or scaly skin, dark circles under the eyes, areas of discoloration, oozing and crusting, red to brownish-gray patches"
Atopic Dermatitis Photos,"red to brownish-gray patches, thickened, cracked, or scaly skin, Itchy skin, oozing and crusting, dark circles under the eyes, small raised bumps, raw, sensitive, swollen skin, areas of discoloration"
Atopic Dermatitis Photos,"thickened, cracked, or scaly skin, areas of discoloration, small raised bumps, raw, sensitive, swollen skin, Itchy skin, red to brownish-gray patches, oozing and crusting, dark circles under the eyes"
Atopic Dermatitis Photos,"red to brownish-gray patches, thickened, cracked, or scaly skin, areas of discoloration, small raised bumps, dark circles under the eyes, oozing and crusting, raw, sensitive, swollen skin, Itchy skin"
Atopic Dermatitis Photos,"small raised bumps, areas of discoloration, Itchy skin, red to brownish-gray patches, oozing and crusting, raw, sensitive, swollen skin, thickened, cracked, or scaly skin, dark circles under the eyes"
Atopic Dermatitis Photos,"red to brownish-gray patches, raw, sensitive, swollen skin, small raised bumps, thickened, cracked, or scaly skin, areas of discoloration, Itchy skin, oozing and crusting, dark circles under the eyes"
Atopic Dermatitis Photos,"small raised bumps, red to brownish-gray patches, dark circles under the eyes, thickened, cracked, or scaly skin, oozing and crusting, Itchy skin, raw, sensitive, swollen skin, areas of discoloration"
Bullous Disease Photos,"milia (tiny white bumps), redness around the blisters, skin erosions, crusting, scarring, itching, pain, skin peeling, ulcers, Blisters, fluid-filled sacs"
Bullous Disease Photos,"skin erosions, scarring, ulcers, Blisters, fluid-filled sacs, crusting, itching, redness around the blisters, milia (tiny white bumps), pain, skin peeling"
Bullous Disease Photos,"redness around the blisters, skin peeling, fluid-filled sacs, ulcers, crusting, skin erosions, itching, pain, Blisters, scarring, milia (tiny white bumps)"
Bullous Disease Photos,"itching, pain, redness around the blisters, skin peeling, skin erosions, milia (tiny white bumps), crusting, scarring, Blisters, ulcers, fluid-filled sacs"
Bullous Disease Photos,"itching, scarring, ulcers, redness around the blisters, crusting, Blisters, pain, skin erosions, milia (tiny white bumps), fluid-filled sacs, skin peeling"
Bullous Disease Photos,"scarring, ulcers, pain, crusting, milia (tiny white bumps), itching, skin erosions, fluid-filled sacs, skin peeling, Blisters, redness around the blisters"
Bullous Disease Photos,"pain, redness around the blisters, skin peeling, crusting, Blisters, fluid-filled sacs, scarring, skin erosions, milia (tiny white bumps), itching, ulcers"
Bullous Disease Photos,"crusting, ulcers, scarring, skin erosions, redness around the blisters, pain, skin peeling, itching, milia (tiny white bumps), fluid-filled sacs, Blisters"
Bullous Disease Photos,"milia (tiny white bumps), ulcers, Blisters, redness around the blisters, skin peeling, pain, itching, skin erosions, crusting, fluid-filled sacs, scarring"
Bullous Disease Photos,"crusting, milia (tiny white bumps), skin peeling, skin erosions, scarring, Blisters, pain, itching, ulcers, redness around the blisters, fluid-filled sacs"
Bullous Disease Photos,"milia (tiny white bumps), skin peeling, redness around the blisters, pain, ulcers, scarring, Blisters, fluid-filled sacs, skin erosions, crusting, itching"
Bullous Disease Photos,"fluid-filled sacs, skin peeling, scarring, crusting, redness around the blisters, milia (tiny white bumps), ulcers, skin erosions, itching, pain, Blisters"
Bullous Disease Photos,"pain, redness around the blisters, skin erosions, ulcers, crusting, milia (tiny white bumps), fluid-filled sacs, Blisters, scarring, itching, skin peeling"
Bullous Disease Photos,"milia (tiny white bumps), skin peeling, itching, fluid-filled sacs, ulcers, pain, Blisters, scarring, redness around the blisters, skin erosions, crusting"
Bullous Disease Photos,"crusting, redness around the blisters, ulcers, skin peeling, itching, milia (tiny white bumps), fluid-filled sacs, scarring, pain, skin erosions, Blisters"
Bullous Disease Photos,"pain, fluid-filled sacs, milia (tiny white bumps), Blisters, itching, skin erosions, scarring, redness around the blisters, crusting, ulcers, skin peeling"
Bullous Disease Photos,"ulcers, Blisters, scarring, skin erosions, redness around the blisters, pain, itching, crusting, fluid-filled sacs, skin peeling, milia (tiny white bumps)"
Bullous Disease Photos,"itching, milia (tiny white bumps), crusting, Blisters, skin peeling, skin erosions, pain, ulcers, scarring, redness around the blisters, fluid-filled sacs"
Bullous Disease Photos,"fluid-filled sacs, skin peeling, scarring, Blisters, itching, skin erosions, ulcers, crusting, pain, milia (tiny white bumps), redness around the blisters"
Bullous Disease Photos,"redness around the blisters, pain, crusting, milia (tiny white bumps), scarring, skin erosions, Blisters, ulcers, fluid-filled sacs, itching, skin peeling"
Bullous Disease Photos,"scarring, Blisters, redness around the blisters, fluid-filled sacs, skin peeling, pain, itching, ulcers, crusting, milia (tiny white bumps), skin erosions"
Bullous Disease Photos,"itching, redness around the blisters, skin peeling, crusting, milia (tiny white bumps), ulcers, fluid-filled sacs, pain, scarring, Blisters, skin erosions"
Bullous Disease Photos,"scarring, crusting, milia (tiny white bumps), redness around the blisters, skin erosions, pain, ulcers, skin peeling, fluid-filled sacs, Blisters, itching"
Bullous Disease Photos,"pain, ulcers, crusting, skin erosions, fluid-filled sacs, scarring, skin peeling, milia (tiny white bumps), itching, Blisters, redness around the blisters"
Bullous Disease Photos,"ulcers, skin erosions, pain, Blisters, milia (tiny white bumps), fluid-filled sacs, itching, scarring, crusting, redness around the blisters, skin peeling"
Bullous Disease Photos,"redness around the blisters, itching, scarring, skin erosions, milia (tiny white bumps), crusting, ulcers, Blisters, fluid-filled sacs, skin peeling, pain"
Bullous Disease Photos,"skin peeling, skin erosions, ulcers, pain, milia (tiny white bumps), itching, fluid-filled sacs, crusting, Blisters, redness around the blisters, scarring"
Bullous Disease Photos,"crusting, skin erosions, Blisters, scarring, fluid-filled sacs, itching, redness around the blisters, pain, ulcers, skin peeling, milia (tiny white bumps)"
Bullous Disease Photos,"crusting, scarring, fluid-filled sacs, Blisters, itching, pain, skin erosions, ulcers, milia (tiny white bumps), redness around the blisters, skin peeling"
Bullous Disease Photos,"skin peeling, fluid-filled sacs, scarring, Blisters, pain, skin erosions, crusting, milia (tiny white bumps), redness around the blisters, ulcers, itching"
Bullous Disease Photos,"scarring, pain, milia (tiny white bumps), crusting, redness around the blisters, Blisters, skin peeling, fluid-filled sacs, itching, ulcers, skin erosions"
Bullous Disease Photos,"scarring, ulcers, skin peeling, skin erosions, crusting, milia (tiny white bumps), fluid-filled sacs, redness around the blisters, Blisters, pain, itching"
Bullous Disease Photos,"skin erosions, milia (tiny white bumps), Blisters, ulcers, fluid-filled sacs, skin peeling, redness around the blisters, crusting, itching, scarring, pain"
Bullous Disease Photos,"ulcers, skin peeling, redness around the blisters, milia (tiny white bumps), scarring, Blisters, crusting, fluid-filled sacs, skin erosions, itching, pain"
Bullous Disease Photos,"skin erosions, itching, ulcers, pain, crusting, skin peeling, fluid-filled sacs, Blisters, milia (tiny white bumps), redness around the blisters, scarring"
Bullous Disease Photos,"ulcers, scarring, fluid-filled sacs, redness around the blisters, skin erosions, pain, crusting, Blisters, skin peeling, milia (tiny white bumps), itching"
Bullous Disease Photos,"redness around the blisters, skin peeling, pain, crusting, milia (tiny white bumps), scarring, itching, skin erosions, ulcers, Blisters, fluid-filled sacs"
Bullous Disease Photos,"milia (tiny white bumps), ulcers, Blisters, skin peeling, redness around the blisters, skin erosions, itching, pain, scarring, crusting, fluid-filled sacs"
Bullous Disease Photos,"ulcers, skin erosions, skin peeling, crusting, Blisters, milia (tiny white bumps), redness around the blisters, scarring, itching, fluid-filled sacs, pain"
Bullous Disease Photos,"Blisters, skin peeling, fluid-filled sacs, ulcers, scarring, pain, skin erosions, crusting, milia (tiny white bumps), redness around the blisters, itching"
Bullous Disease Photos,"milia (tiny white bumps), pain, ulcers, scarring, redness around the blisters, crusting, itching, skin erosions, fluid-filled sacs, skin peeling, Blisters"
Bullous Disease Photos,"scarring, itching, ulcers, milia (tiny white bumps), skin erosions, fluid-filled sacs, redness around the blisters, skin peeling, Blisters, pain, crusting"
Bullous Disease Photos,"fluid-filled sacs, pain, skin peeling, crusting, skin erosions, scarring, redness around the blisters, itching, Blisters, ulcers, milia (tiny white bumps)"
Bullous Disease Photos,"skin erosions, scarring, fluid-filled sacs, itching, skin peeling, crusting, ulcers, Blisters, pain, redness around the blisters, milia (tiny white bumps)"
Bullous Disease Photos,"crusting, redness around the blisters, ulcers, scarring, milia (tiny white bumps), itching, skin erosions, pain, fluid-filled sacs, Blisters, skin peeling"
Bullous Disease Photos,"crusting, skin peeling, scarring, fluid-filled sacs, Blisters, milia (tiny white bumps), skin erosions, ulcers, pain, redness around the blisters, itching"
Bullous Disease Photos,"ulcers, pain, scarring, skin peeling, fluid-filled sacs, Blisters, itching, crusting, redness around the blisters, milia (tiny white bumps), skin erosions"
Bullous Disease Photos,"milia (tiny white bumps), scarring, pain, skin peeling, crusting, fluid-filled sacs, skin erosions, ulcers, Blisters, itching, redness around the blisters"
Bullous Disease Photos,"skin erosions, itching, scarring, skin peeling, crusting, Blisters, redness around the blisters, pain, fluid-filled sacs, milia (tiny white bumps), ulcers"
Bullous Disease Photos,"scarring, skin erosions, itching, skin peeling, milia (tiny white bumps), fluid-filled sacs, Blisters, ulcers, pain, redness around the blisters, crusting"
Bullous Disease Photos,"skin erosions, skin peeling, milia (tiny white bumps), redness around the blisters, scarring, pain, crusting, itching, Blisters, fluid-filled sacs, ulcers"
Bullous Disease Photos,"pain, redness around the blisters, milia (tiny white bumps), skin peeling, scarring, fluid-filled sacs, ulcers, crusting, skin erosions, itching, Blisters"
Bullous Disease Photos,"ulcers, pain, crusting, milia (tiny white bumps), skin erosions, Blisters, scarring, fluid-filled sacs, redness around the blisters, skin peeling, itching"
Bullous Disease Photos,"skin erosions, crusting, fluid-filled sacs, scarring, milia (tiny white bumps), Blisters, redness around the blisters, skin peeling, pain, ulcers, itching"
Bullous Disease Photos,"scarring, skin peeling, Blisters, fluid-filled sacs, crusting, itching, redness around the blisters, ulcers, pain, milia (tiny white bumps), skin erosions"
Bullous Disease Photos,"Blisters, pain, skin peeling, skin erosions, fluid-filled sacs, itching, crusting, redness around the blisters, scarring, ulcers, milia (tiny white bumps)"
Bullous Disease Photos,"skin peeling, fluid-filled sacs, Blisters, redness around the blisters, skin erosions, pain, itching, ulcers, milia (tiny white bumps), scarring, crusting"
Bullous Disease Photos,"fluid-filled sacs, redness around the blisters, ulcers, milia (tiny white bumps), skin peeling, skin erosions, itching, Blisters, crusting, pain, scarring"
Bullous Disease Photos,"redness around the blisters, crusting, Blisters, scarring, ulcers, milia (tiny white bumps), skin peeling, skin erosions, itching, fluid-filled sacs, pain"
Bullous Disease Photos,"milia (tiny white bumps), redness around the blisters, crusting, pain, skin peeling, itching, ulcers, fluid-filled sacs, scarring, skin erosions, Blisters"
Bullous Disease Photos,"ulcers, fluid-filled sacs, itching, redness around the blisters, skin erosions, Blisters, pain, skin peeling, crusting, scarring, milia (tiny white bumps)"
Bullous Disease Photos,"redness around the blisters, itching, skin peeling, Blisters, crusting, fluid-filled sacs, skin erosions, pain, ulcers, milia (tiny white bumps), scarring"
Cellulitis Impetigo and other Bacterial Infections,"honey-colored crusts, nausea, warmth, Redness, fatigue, chills, fever, swelling, vomiting, pain, pus-filled blisters, red streaks, enlarged lymph nodes"
Cellulitis Impetigo and other Bacterial Infections,"pain, fatigue, Redness, nausea, swelling, enlarged lymph nodes, pus-filled blisters, chills, warmth, red streaks, vomiting, honey-colored crusts, fever"
Cellulitis Impetigo and other Bacterial Infections,"Redness, vomiting, swelling, fatigue, pain, nausea, fever, red streaks, pus-filled blisters, enlarged lymph nodes, chills, honey-colored crusts, warmth"
Cellulitis Impetigo and other Bacterial Infections,"swelling, chills, honey-colored crusts, pain, fatigue, fever, vomiting, pus-filled blisters, nausea, Redness, enlarged lymph nodes, red streaks, warmth"
Cellulitis Impetigo and other Bacterial Infections,"vomiting, pus-filled blisters, red streaks, fatigue, honey-colored crusts, enlarged lymph nodes, Redness, nausea, fever, warmth, pain, chills, swelling"
Cellulitis Impetigo and other Bacterial Infections,"vomiting, fever, honey-colored crusts, fatigue, swelling, chills, Redness, nausea, pus-filled blisters, warmth, red streaks, pain, enlarged lymph nodes"
Cellulitis Impetigo and other Bacterial Infections,"swelling, Redness, fever, vomiting, honey-colored crusts, warmth, nausea, chills, fatigue, enlarged lymph nodes, pain, pus-filled blisters, red streaks"
Cellulitis Impetigo and other Bacterial Infections,"pain, red streaks, vomiting, honey-colored crusts, fever, Redness, enlarged lymph nodes, warmth, pus-filled blisters, nausea, swelling, fatigue, chills"
Cellulitis Impetigo and other Bacterial Infections,"Redness, pus-filled blisters, honey-colored crusts, enlarged lymph nodes, warmth, swelling, fever, vomiting, chills, red streaks, nausea, pain, fatigue"
Cellulitis Impetigo and other Bacterial Infections,"Redness, vomiting, pain, honey-colored crusts, chills, enlarged lymph nodes, pus-filled blisters, fatigue, nausea, swelling, warmth, red streaks, fever"
Cellulitis Impetigo and other Bacterial Infections,"pain, red streaks, enlarged lymph nodes, fever, warmth, fatigue, swelling, vomiting, nausea, chills, honey-colored crusts, Redness, pus-filled blisters"
Cellulitis Impetigo and other Bacterial Infections,"warmth, chills, nausea, swelling, honey-colored crusts, fever, pain, pus-filled blisters, fatigue, vomiting, enlarged lymph nodes, red streaks, Redness"
Cellulitis Impetigo and other Bacterial Infections,"pus-filled blisters, chills, pain, warmth, enlarged lymph nodes, Redness, honey-colored crusts, fever, nausea, fatigue, swelling, vomiting, red streaks"
Cellulitis Impetigo and other Bacterial Infections,"enlarged lymph nodes, nausea, fatigue, Redness, chills, warmth, honey-colored crusts, pain, pus-filled blisters, red streaks, fever, vomiting, swelling"
Cellulitis Impetigo and other Bacterial Infections,"honey-colored crusts, enlarged lymph nodes, pus-filled blisters, pain, chills, fever, swelling, red streaks, nausea, fatigue, Redness, vomiting, warmth"
Cellulitis Impetigo and other Bacterial Infections,"red streaks, fever, enlarged lymph nodes, honey-colored crusts, vomiting, Redness, pain, chills, fatigue, nausea, pus-filled blisters, warmth, swelling"
Cellulitis Impetigo and other Bacterial Infections,"honey-colored crusts, fever, red streaks, vomiting, chills, fatigue, swelling, enlarged lymph nodes, pain, nausea, warmth, Redness, pus-filled blisters"
Cellulitis Impetigo and other Bacterial Infections,"vomiting, enlarged lymph nodes, honey-colored crusts, fatigue, nausea, warmth, chills, red streaks, Redness, swelling, pus-filled blisters, fever, pain"
Cellulitis Impetigo and other Bacterial Infections,"pus-filled blisters, fatigue, chills, nausea, Redness, warmth, honey-colored crusts, swelling, fever, enlarged lymph nodes, vomiting, pain, red streaks"
Cellulitis Impetigo and other Bacterial Infections,"pus-filled blisters, chills, swelling, warmth, Redness, vomiting, pain, honey-colored crusts, fever, fatigue, red streaks, nausea, enlarged lymph nodes"
Cellulitis Impetigo and other Bacterial Infections,"honey-colored crusts, swelling, red streaks, enlarged lymph nodes, pain, pus-filled blisters, vomiting, fatigue, chills, warmth, nausea, Redness, fever"
Cellulitis Impetigo and other Bacterial Infections,"nausea, chills, fever, Redness, red streaks, pain, honey-colored crusts, swelling, warmth, fatigue, enlarged lymph nodes, pus-filled blisters, vomiting"
Cellulitis Impetigo and other Bacterial Infections,"honey-colored crusts, swelling, nausea, Redness, pus-filled blisters, warmth, vomiting, fever, fatigue, pain, chills, enlarged lymph nodes, red streaks"
Cellulitis Impetigo and other Bacterial Infections,"honey-colored crusts, enlarged lymph nodes, Redness, pus-filled blisters, warmth, pain, red streaks, nausea, chills, vomiting, fatigue, swelling, fever"
Cellulitis Impetigo and other Bacterial Infections,"pus-filled blisters, swelling, honey-colored crusts, Redness, fever, fatigue, pain, chills, warmth, enlarged lymph nodes, vomiting, red streaks, nausea"
Cellulitis Impetigo and other Bacterial Infections,"fever, chills, Redness, pus-filled blisters, honey-colored crusts, fatigue, warmth, vomiting, enlarged lymph nodes, red streaks, nausea, swelling, pain"
Cellulitis Impetigo and other Bacterial Infections,"fatigue, pus-filled blisters, vomiting, warmth, nausea, red streaks, swelling, fever, honey-colored crusts, chills, enlarged lymph nodes, pain, Redness"
Cellulitis Impetigo and other Bacterial Infections,"chills, nausea, honey-colored crusts, vomiting, warmth, red streaks, fever, fatigue, pus-filled blisters, Redness, enlarged lymph nodes, swelling, pain"
Cellulitis Impetigo and other Bacterial Infections,"vomiting, pus-filled blisters, warmth, red streaks, fatigue, honey-colored crusts, pain, nausea, chills, swelling, enlarged lymph nodes, Redness, fever"
Cellulitis Impetigo and other Bacterial Infections,"enlarged lymph nodes, warmth, red streaks, swelling, honey-colored crusts, fever, pain, nausea, pus-filled blisters, fatigue, vomiting, Redness, chills"
Cellulitis Impetigo and other Bacterial Infections,"honey-colored crusts, fatigue, pain, warmth, nausea, chills, enlarged lymph nodes, pus-filled blisters, vomiting, red streaks, Redness, fever, swelling"
Cellulitis Impetigo and other Bacterial Infections,"fever, pus-filled blisters, swelling, red streaks, nausea, Redness, pain, chills, enlarged lymph nodes, fatigue, warmth, honey-colored crusts, vomiting"
Cellulitis Impetigo and other Bacterial Infections,"honey-colored crusts, nausea, enlarged lymph nodes, warmth, Redness, pus-filled blisters, vomiting, chills, pain, swelling, fever, red streaks, fatigue"
Cellulitis Impetigo and other Bacterial Infections,"enlarged lymph nodes, pain, vomiting, fever, chills, warmth, red streaks, pus-filled blisters, swelling, nausea, fatigue, Redness, honey-colored crusts"
Cellulitis Impetigo and other Bacterial Infections,"vomiting, nausea, pus-filled blisters, honey-colored crusts, fatigue, chills, pain, fever, enlarged lymph nodes, Redness, warmth, swelling, red streaks"
Cellulitis Impetigo and other Bacterial Infections,"honey-colored crusts, vomiting, fatigue, pus-filled blisters, red streaks, nausea, pain, fever, Redness, chills, warmth, swelling, enlarged lymph nodes"
Cellulitis Impetigo and other Bacterial Infections,"warmth, chills, red streaks, honey-colored crusts, vomiting, fever, enlarged lymph nodes, Redness, swelling, pus-filled blisters, pain, nausea, fatigue"
Cellulitis Impetigo and other Bacterial Infections,"nausea, chills, pus-filled blisters, fatigue, red streaks, enlarged lymph nodes, Redness, swelling, fever, honey-colored crusts, pain, vomiting, warmth"
Cellulitis Impetigo and other Bacterial Infections,"chills, vomiting, swelling, Redness, pus-filled blisters, fever, red streaks, warmth, honey-colored crusts, enlarged lymph nodes, fatigue, pain, nausea"
Cellulitis Impetigo and other Bacterial Infections,"Redness, honey-colored crusts, pus-filled blisters, pain, chills, fever, swelling, enlarged lymph nodes, nausea, vomiting, warmth, red streaks, fatigue"
Cellulitis Impetigo and other Bacterial Infections,"pain, fatigue, nausea, pus-filled blisters, red streaks, enlarged lymph nodes, Redness, honey-colored crusts, fever, warmth, vomiting, chills, swelling"
Cellulitis Impetigo and other Bacterial Infections,"fever, chills, fatigue, pain, pus-filled blisters, red streaks, enlarged lymph nodes, vomiting, honey-colored crusts, Redness, warmth, swelling, nausea"
Cellulitis Impetigo and other Bacterial Infections,"warmth, enlarged lymph nodes, vomiting, chills, Redness, honey-colored crusts, red streaks, nausea, pain, pus-filled blisters, fever, fatigue, swelling"
Cellulitis Impetigo and other Bacterial Infections,"fever, pain, Redness, nausea, chills, fatigue, vomiting, pus-filled blisters, red streaks, swelling, warmth, enlarged lymph nodes, honey-colored crusts"
Cellulitis Impetigo and other Bacterial Infections,"Redness, pus-filled blisters, enlarged lymph nodes, red streaks, nausea, vomiting, swelling, pain, chills, honey-colored crusts, fever, warmth, fatigue"
Cellulitis Impetigo and other Bacterial Infections,"nausea, red streaks, pain, fatigue, honey-colored crusts, vomiting, Redness, swelling, warmth, pus-filled blisters, fever, chills, enlarged lymph nodes"
Cellulitis Impetigo and other Bacterial Infections,"fatigue, honey-colored crusts, pain, red streaks, enlarged lymph nodes, warmth, nausea, Redness, fever, swelling, chills, pus-filled blisters, vomiting"
Cellulitis Impetigo and other Bacterial Infections,"warmth, pain, Redness, fever, enlarged lymph nodes, swelling, pus-filled blisters, nausea, chills, fatigue, honey-colored crusts, vomiting, red streaks"
Cellulitis Impetigo and other Bacterial Infections,"swelling, Redness, chills, enlarged lymph nodes, fatigue, fever, red streaks, pain, warmth, vomiting, pus-filled blisters, honey-colored crusts, nausea"
Cellulitis Impetigo and other Bacterial Infections,"pus-filled blisters, warmth, vomiting, fatigue, chills, fever, honey-colored crusts, swelling, enlarged lymph nodes, Redness, red streaks, pain, nausea"
Cellulitis Impetigo and other Bacterial Infections,"warmth, honey-colored crusts, enlarged lymph nodes, fever, Redness, swelling, nausea, vomiting, red streaks, pain, chills, pus-filled blisters, fatigue"
Cellulitis Impetigo and other Bacterial Infections,"pain, chills, vomiting, fatigue, red streaks, honey-colored crusts, enlarged lymph nodes, fever, swelling, pus-filled blisters, nausea, warmth, Redness"
Cellulitis Impetigo and other Bacterial Infections,"honey-colored crusts, warmth, enlarged lymph nodes, fatigue, fever, vomiting, chills, pus-filled blisters, red streaks, nausea, Redness, pain, swelling"
Cellulitis Impetigo and other Bacterial Infections,"enlarged lymph nodes, pus-filled blisters, chills, fatigue, swelling, nausea, vomiting, fever, warmth, pain, red streaks, honey-colored crusts, Redness"
Cellulitis Impetigo and other Bacterial Infections,"vomiting, fever, red streaks, Redness, nausea, pain, warmth, swelling, enlarged lymph nodes, fatigue, honey-colored crusts, chills, pus-filled blisters"
Cellulitis Impetigo and other Bacterial Infections,"pain, Redness, warmth, fatigue, enlarged lymph nodes, nausea, pus-filled blisters, honey-colored crusts, chills, red streaks, swelling, fever, vomiting"
Cellulitis Impetigo and other Bacterial Infections,"honey-colored crusts, warmth, red streaks, pus-filled blisters, fatigue, fever, nausea, swelling, chills, enlarged lymph nodes, vomiting, Redness, pain"
Cellulitis Impetigo and other Bacterial Infections,"red streaks, fever, honey-colored crusts, swelling, Redness, pain, vomiting, fatigue, nausea, enlarged lymph nodes, warmth, chills, pus-filled blisters"
Cellulitis Impetigo and other Bacterial Infections,"pain, pus-filled blisters, Redness, fever, swelling, vomiting, nausea, honey-colored crusts, warmth, red streaks, enlarged lymph nodes, fatigue, chills"
Cellulitis Impetigo and other Bacterial Infections,"warmth, pain, red streaks, honey-colored crusts, nausea, pus-filled blisters, Redness, vomiting, swelling, fatigue, chills, fever, enlarged lymph nodes"
Cellulitis Impetigo and other Bacterial Infections,"enlarged lymph nodes, pus-filled blisters, warmth, red streaks, vomiting, honey-colored crusts, pain, Redness, fatigue, swelling, chills, nausea, fever"
Cellulitis Impetigo and other Bacterial Infections,"honey-colored crusts, red streaks, nausea, fatigue, chills, vomiting, pain, warmth, enlarged lymph nodes, swelling, fever, Redness, pus-filled blisters"
Eczema Photos,"areas of discoloration, oozing and crusting, Itchy skin, red to brownish-gray patches, small raised bumps, thickened, cracked, or scaly skin, raw, sensitive, swollen skin, dark circles under the eyes, rash, dry skin"
Eczema Photos,"dry skin, areas of discoloration, small raised bumps, red to brownish-gray patches, rash, raw, sensitive, swollen skin, Itchy skin, thickened, cracked, or scaly skin, oozing and crusting, dark circles under the eyes"
Eczema Photos,"rash, raw, sensitive, swollen skin, dry skin, thickened, cracked, or scaly skin, red to brownish-gray patches, dark circles under the eyes, oozing and crusting, areas of discoloration, Itchy skin, small raised bumps"
Eczema Photos,"red to brownish-gray patches, oozing and crusting, thickened, cracked, or scaly skin, dark circles under the eyes, raw, sensitive, swollen skin, small raised bumps, rash, dry skin, Itchy skin, areas of discoloration"
Eczema Photos,"red to brownish-gray patches, dry skin, small raised bumps, Itchy skin, raw, sensitive, swollen skin, thickened, cracked, or scaly skin, rash, oozing and crusting, areas of discoloration, dark circles under the eyes"
Eczema Photos,"thickened, cracked, or scaly skin, raw, sensitive, swollen skin, dry skin, areas of discoloration, rash, small raised bumps, Itchy skin, dark circles under the eyes, oozing and crusting, red to brownish-gray patches"
Eczema Photos,"dry skin, raw, sensitive, swollen skin, thickened, cracked, or scaly skin, rash, dark circles under the eyes, Itchy skin, small raised bumps, areas of discoloration, oozing and crusting, red to brownish-gray patches"
Eczema Photos,"dry skin, dark circles under the eyes, rash, areas of discoloration, thickened, cracked, or scaly skin, Itchy skin, raw, sensitive, swollen skin, small raised bumps, oozing and crusting, red to brownish-gray patches"
Eczema Photos,"thickened, cracked, or scaly skin, Itchy skin, areas of discoloration, rash, dark circles under the eyes, red to brownish-gray patches, oozing and crusting, dry skin, small raised bumps, raw, sensitive, swollen skin"
Eczema Photos,"oozing and crusting, red to brownish-gray patches, dark circles under the eyes, thickened, cracked, or scaly skin, raw, sensitive, swollen skin, dry skin, areas of discoloration, rash, small raised bumps, Itchy skin"
Eczema Photos,"raw, sensitive, swollen skin, dry skin, red to brownish-gray patches, areas of discoloration, small raised bumps, thickened, cracked, or scaly skin, Itchy skin, dark circles under the eyes, rash, oozing and crusting"
Eczema Photos,"raw, sensitive, swollen skin, Itchy skin, red to brownish-gray patches, small raised bumps, oozing and crusting, thickened, cracked, or scaly skin, areas of discoloration, dry skin, rash, dark circles under the eyes"
Eczema Photos,"rash, dark circles under the eyes, small raised bumps, thickened, cracked, or scaly skin, Itchy skin, areas of discoloration, oozing and crusting, raw, sensitive, swollen skin, red to brownish-gray patches, dry skin"
Eczema Photos,"thickened, cracked, or scaly skin, dark circles under the eyes, red to brownish-gray patches, dry skin, rash, raw, sensitive, swollen skin, small raised bumps, Itchy skin, oozing and crusting, areas of discoloration"
Eczema Photos,"red to brownish-gray patches, thickened, cracked, or scaly skin, small raised bumps, areas of discoloration, raw, sensitive, swollen skin, dark circles under the eyes, dry skin, oozing and crusting, rash, Itchy skin"
Eczema Photos,"dry skin, Itchy skin, oozing and crusting, small raised bumps, raw, sensitive, swollen skin, red to brownish-gray patches, thickened, cracked, or scaly skin, areas of discoloration, rash, dark circles under the eyes"
Eczema Photos,"areas of discoloration, dark circles under the eyes, oozing and crusting, raw, sensitive, swollen skin, small raised bumps, thickened, cracked, or scaly skin, dry skin, rash, red to brownish-gray patches, Itchy skin"
Eczema Photos,"raw, sensitive, swollen skin, small raised bumps, thickened, cracked, or scaly skin, areas of discoloration, rash, red to brownish-gray patches, dark circles under the eyes, dry skin, Itchy skin, oozing and crusting"
Eczema Photos,"rash, small raised bumps, Itchy skin, dark circles under the eyes, red to brownish-gray patches, thickened, cracked, or scaly skin, raw, sensitive, swollen skin, areas of discoloration, dry skin, oozing and crusting"
Eczema Photos,"dry skin, rash, thickened, cracked, or scaly skin, red to brownish-gray patches, areas of discoloration, dark circles under the eyes, oozing and crusting, small raised bumps, raw, sensitive, swollen skin, Itchy skin"
Eczema Photos,"raw, sensitive, swollen skin, dry skin, dark circles under the eyes, thickened, cracked, or scaly skin, red to brownish-gray patches, oozing and crusting, rash, Itchy skin, small raised bumps, areas of discoloration"
Eczema Photos,"areas of discoloration, Itchy skin, raw, sensitive, swollen skin, rash, oozing and crusting, thickened, cracked, or scaly skin, dark circles under the eyes, small raised bumps, dry skin, red to brownish-gray patches"
Eczema Photos,"Itchy skin, red to brownish-gray patches, small raised bumps, rash, areas of discoloration, dark circles under the eyes, dry skin, thickened, cracked, or scaly skin, raw, sensitive, swollen skin, oozing and crusting"
Eczema Photos,"dark circles under the eyes, red to brownish-gray patches, oozing and crusting, areas of discoloration, dry skin, thickened, cracked, or scaly skin, Itchy skin, rash, small raised bumps, raw, sensitive, swollen skin"
Eczema Photos,"oozing and crusting, thickened, cracked, or scaly skin, rash, small raised bumps, red to brownish-gray patches, areas of discoloration, dry skin, dark circles under the eyes, Itchy skin, raw, sensitive, swollen skin"
Eczema Photos,"areas of discoloration, oozing and crusting, red to brownish-gray patches, thickened, cracked, or scaly skin, dark circles under the eyes, dry skin, rash, raw, sensitive, swollen skin, Itchy skin, small raised bumps"
Eczema Photos,"thickened, cracked, or scaly skin, dark circles under the eyes, red to brownish-gray patches, small raised bumps, raw, sensitive, swollen skin, areas of discoloration, dry skin, Itchy skin, oozing and crusting, rash"
Eczema Photos,"dark circles under the eyes, thickened, cracked, or scaly skin, small raised bumps, Itchy skin, raw, sensitive, swollen skin, dry skin, areas of discoloration, oozing and crusting, red to brownish-gray patches, rash"
Eczema Photos,"small raised bumps, thickened, cracked, or scaly skin, dry skin, dark circles under the eyes, rash, Itchy skin, areas of discoloration, red to brownish-gray patches, raw, sensitive, swollen skin, oozing and crusting"
Eczema Photos,"dark circles under the eyes, areas of discoloration, rash, red to brownish-gray patches, Itchy skin, raw, sensitive, swollen skin, oozing and crusting, thickened, cracked, or scaly skin, dry skin, small raised bumps"
Eczema Photos,"raw, sensitive, swollen skin, dry skin, areas of discoloration, small raised bumps, red to brownish-gray patches, thickened, cracked, or scaly skin, Itchy skin, oozing and crusting, dark circles under the eyes, rash"
Eczema Photos,"small raised bumps, areas of discoloration, oozing and crusting, Itchy skin, red to brownish-gray patches, dry skin, rash, raw, sensitive, swollen skin, thickened, cracked, or scaly skin, dark circles under the eyes"
Eczema Photos,"dark circles under the eyes, thickened, cracked, or scaly skin, dry skin, red to brownish-gray patches, small raised bumps, oozing and crusting, Itchy skin, areas of discoloration, raw, sensitive, swollen skin, rash"
Eczema Photos,"oozing and crusting, raw, sensitive, swollen skin, rash, red to brownish-gray patches, small raised bumps, dark circles under the eyes, dry skin, Itchy skin, areas of discoloration, thickened, cracked, or scaly skin"
Eczema Photos,"dark circles under the eyes, Itchy skin, rash, areas of discoloration, thickened, cracked, or scaly skin, red to brownish-gray patches, small raised bumps, raw, sensitive, swollen skin, oozing and crusting, dry skin"
Eczema Photos,"areas of discoloration, dark circles under the eyes, dry skin, small raised bumps, red to brownish-gray patches, raw, sensitive, swollen skin, oozing and crusting, rash, Itchy skin, thickened, cracked, or scaly skin"
Eczema Photos,"small raised bumps, red to brownish-gray patches, Itchy skin, raw, sensitive, swollen skin, thickened, cracked, or scaly skin, rash, dry skin, areas of discoloration, oozing and crusting, dark circles under the eyes"
Eczema Photos,"raw, sensitive, swollen skin, red to brownish-gray patches, dry skin, oozing and crusting, small raised bumps, Itchy skin, thickened, cracked, or scaly skin, dark circles under the eyes, areas of discoloration, rash"
Eczema Photos,"small raised bumps, rash, thickened, cracked, or scaly skin, dark circles under the eyes, raw, sensitive, swollen skin, oozing and crusting, red to brownish-gray patches, Itchy skin, dry skin, areas of discoloration"
Eczema Photos,"dark circles under the eyes, thickened, cracked, or scaly skin, oozing and crusting, Itchy skin, dry skin, raw, sensitive, swollen skin, small raised bumps, rash, red to brownish-gray patches, areas of discoloration"
Eczema Photos,"Itchy skin, rash, thickened, cracked, or scaly skin, red to brownish-gray patches, oozing and crusting, raw, sensitive, swollen skin, small raised bumps, dry skin, areas of discoloration, dark circles under the eyes"
Eczema Photos,"areas of discoloration, oozing and crusting, thickened, cracked, or scaly skin, Itchy skin, red to brownish-gray patches, rash, dark circles under the eyes, small raised bumps, dry skin, raw, sensitive, swollen skin"
Eczema Photos,"Itchy skin, oozing and crusting, raw, sensitive, swollen skin, areas of discoloration, red to brownish-gray patches, dark circles under the eyes, thickened, cracked, or scaly skin, rash, small raised bumps, dry skin"
Eczema Photos,"dry skin, thickened, cracked, or scaly skin, dark circles under the eyes, small raised bumps, Itchy skin, oozing and crusting, rash, raw, sensitive, swollen skin, areas of discoloration, red to brownish-gray patches"
Eczema Photos,"areas of discoloration, red to brownish-gray patches, raw, sensitive, swollen skin, thickened, cracked, or scaly skin, Itchy skin, dark circles under the eyes, oozing and crusting, rash, small raised bumps, dry skin"
Eczema Photos,"red to brownish-gray patches, dry skin, raw, sensitive, swollen skin, areas of discoloration, thickened, cracked, or scaly skin, rash, oozing and crusting, dark circles under the eyes, small raised bumps, Itchy skin"
Eczema Photos,"small raised bumps, thickened, cracked, or scaly skin, red to brownish-gray patches, dry skin, dark circles under the eyes, rash, oozing and crusting, Itchy skin, areas of discoloration, raw, sensitive, swollen skin"
Eczema Photos,"dry skin, small raised bumps, raw, sensitive, swollen skin, red to brownish-gray patches, dark circles under the eyes, thickened, cracked, or scaly skin, Itchy skin, areas of discoloration, rash, oozing and crusting"
Eczema Photos,"oozing and crusting, dry skin, rash, red to brownish-gray patches, areas of discoloration, dark circles under the eyes, thickened, cracked, or scaly skin, Itchy skin, small raised bumps, raw, sensitive, swollen skin"
Eczema Photos,"raw, sensitive, swollen skin, red to brownish-gray patches, Itchy skin, thickened, cracked, or scaly skin, areas of discoloration, rash, oozing and crusting, dry skin, dark circles under the eyes, small raised bumps"
Eczema Photos,"small raised bumps, raw, sensitive, swollen skin, dry skin, oozing and crusting, dark circles under the eyes, red to brownish-gray patches, areas of discoloration, thickened, cracked, or scaly skin, Itchy skin, rash"
Eczema Photos,"dark circles under the eyes, red to brownish-gray patches, rash, small raised bumps, Itchy skin, raw, sensitive, swollen skin, areas of discoloration, dry skin, thickened, cracked, or scaly skin, oozing and crusting"
Eczema Photos,"areas of discoloration, oozing and crusting, Itchy skin, dark circles under the eyes, thickened, cracked, or scaly skin, red to brownish-gray patches, dry skin, rash, raw, sensitive, swollen skin, small raised bumps"
Eczema Photos,"areas of discoloration, small raised bumps, rash, dark circles under the eyes, dry skin, oozing and crusting, raw, sensitive, swollen skin, Itchy skin, red to brownish-gray patches, thickened, cracked, or scaly skin"
Eczema Photos,"dark circles under the eyes, Itchy skin, rash, thickened, cracked, or scaly skin, dry skin, red to brownish-gray patches, oozing and crusting, raw, sensitive, swollen skin, small raised bumps, areas of discoloration"
Eczema Photos,"dry skin, thickened, cracked, or scaly skin, rash, oozing and crusting, red to brownish-gray patches, Itchy skin, small raised bumps, dark circles under the eyes, areas of discoloration, raw, sensitive, swollen skin"
Eczema Photos,"small raised bumps, raw, sensitive, swollen skin, thickened, cracked, or scaly skin, red to brownish-gray patches, dark circles under the eyes, areas of discoloration, dry skin, rash, oozing and crusting, Itchy skin"
Eczema Photos,"red to brownish-gray patches, rash, thickened, cracked, or scaly skin, small raised bumps, areas of discoloration, oozing and crusting, dark circles under the eyes, dry skin, raw, sensitive, swollen skin, Itchy skin"
Eczema Photos,"thickened, cracked, or scaly skin, areas of discoloration, oozing and crusting, raw, sensitive, swollen skin, Itchy skin, small raised bumps, dry skin, dark circles under the eyes, rash, red to brownish-gray patches"
Eczema Photos,"thickened, cracked, or scaly skin, areas of discoloration, small raised bumps, oozing and crusting, red to brownish-gray patches, Itchy skin, dark circles under the eyes, rash, raw, sensitive, swollen skin, dry skin"
Eczema Photos,"raw, sensitive, swollen skin, oozing and crusting, dark circles under the eyes, areas of discoloration, small raised bumps, thickened, cracked, or scaly skin, red to brownish-gray patches, Itchy skin, rash, dry skin"
Eczema Photos,"red to brownish-gray patches, dark circles under the eyes, areas of discoloration, rash, raw, sensitive, swollen skin, Itchy skin, small raised bumps, dry skin, thickened, cracked, or scaly skin, oozing and crusting"
Exanthems and Drug Eruptions,"itching, vomiting, fatigue, blisters, enlarged lymph nodes, purple spots, hives, skin peeling, swelling, nausea, Rash, fever, headache, joint pain, red spots"
Exanthems and Drug Eruptions,"nausea, headache, hives, purple spots, enlarged lymph nodes, fatigue, Rash, joint pain, itching, swelling, blisters, red spots, vomiting, skin peeling, fever"
Exanthems and Drug Eruptions,"purple spots, fatigue, skin peeling, nausea, swelling, hives, itching, vomiting, headache, red spots, joint pain, fever, Rash, enlarged lymph nodes, blisters"
Exanthems and Drug Eruptions,"hives, skin peeling, blisters, red spots, purple spots, Rash, fatigue, nausea, joint pain, swelling, fever, enlarged lymph nodes, itching, vomiting, headache"
Exanthems and Drug Eruptions,"fatigue, nausea, blisters, hives, purple spots, red spots, fever, itching, vomiting, skin peeling, headache, joint pain, enlarged lymph nodes, swelling, Rash"
Exanthems and Drug Eruptions,"hives, vomiting, itching, Rash, purple spots, red spots, swelling, skin peeling, nausea, fatigue, fever, enlarged lymph nodes, joint pain, blisters, headache"
Exanthems and Drug Eruptions,"Rash, itching, headache, blisters, skin peeling, vomiting, nausea, joint pain, fever, swelling, hives, fatigue, purple spots, red spots, enlarged lymph nodes"
Exanthems and Drug Eruptions,"swelling, enlarged lymph nodes, Rash, fever, joint pain, vomiting, skin peeling, nausea, headache, fatigue, hives, blisters, red spots, purple spots, itching"
Exanthems and Drug Eruptions,"Rash, fever, purple spots, hives, skin peeling, blisters, red spots, joint pain, itching, vomiting, headache, swelling, fatigue, nausea, enlarged lymph nodes"
Exanthems and Drug Eruptions,"blisters, enlarged lymph nodes, joint pain, red spots, fever, hives, skin peeling, vomiting, nausea, swelling, fatigue, headache, itching, purple spots, Rash"
Exanthems and Drug Eruptions,"vomiting, headache, purple spots, enlarged lymph nodes, joint pain, Rash, fever, nausea, blisters, itching, skin peeling, fatigue, hives, swelling, red spots"
Exanthems and Drug Eruptions,"swelling, Rash, red spots, hives, skin peeling, itching, fatigue, joint pain, blisters, enlarged lymph nodes, vomiting, fever, headache, nausea, purple spots"
Exanthems and Drug Eruptions,"red spots, nausea, swelling, itching, skin peeling, fever, blisters, vomiting, enlarged lymph nodes, joint pain, hives, purple spots, Rash, fatigue, headache"
Exanthems and Drug Eruptions,"hives, blisters, nausea, skin peeling, purple spots, swelling, red spots, Rash, joint pain, fever, enlarged lymph nodes, itching, vomiting, headache, fatigue"
Exanthems and Drug Eruptions,"fatigue, red spots, enlarged lymph nodes, Rash, hives, purple spots, fever, vomiting, skin peeling, blisters, itching, swelling, nausea, headache, joint pain"
Exanthems and Drug Eruptions,"joint pain, blisters, headache, swelling, nausea, skin peeling, fatigue, hives, red spots, itching, fever, vomiting, enlarged lymph nodes, Rash, purple spots"
Exanthems and Drug Eruptions,"enlarged lymph nodes, itching, nausea, vomiting, fatigue, red spots, purple spots, headache, hives, fever, blisters, Rash, skin peeling, joint pain, swelling"
Exanthems and Drug Eruptions,"fatigue, blisters, hives, purple spots, red spots, vomiting, joint pain, enlarged lymph nodes, swelling, nausea, fever, skin peeling, headache, itching, Rash"
Exanthems and Drug Eruptions,"Rash, nausea, blisters, fever, vomiting, swelling, itching, enlarged lymph nodes, hives, headache, joint pain, skin peeling, red spots, purple spots, fatigue"
Exanthems and Drug Eruptions,"swelling, purple spots, vomiting, blisters, enlarged lymph nodes, red spots, headache, fever, itching, Rash, fatigue, nausea, hives, joint pain, skin peeling"
Exanthems and Drug Eruptions,"enlarged lymph nodes, Rash, skin peeling, purple spots, hives, headache, itching, joint pain, vomiting, red spots, blisters, fever, nausea, swelling, fatigue"
Exanthems and Drug Eruptions,"skin peeling, enlarged lymph nodes, fever, hives, joint pain, itching, fatigue, vomiting, blisters, red spots, purple spots, headache, nausea, swelling, Rash"
Exanthems and Drug Eruptions,"purple spots, fatigue, fever, swelling, skin peeling, Rash, red spots, headache, blisters, hives, enlarged lymph nodes, nausea, vomiting, itching, joint pain"
Exanthems and Drug Eruptions,"skin peeling, vomiting, nausea, joint pain, headache, swelling, hives, enlarged lymph nodes, fever, red spots, Rash, purple spots, fatigue, itching, blisters"
Exanthems and Drug Eruptions,"purple spots, enlarged lymph nodes, itching, Rash, swelling, nausea, headache, skin peeling, vomiting, fatigue, blisters, joint pain, fever, hives, red spots"
Exanthems and Drug Eruptions,"purple spots, itching, fever, Rash, hives, red spots, swelling, enlarged lymph nodes, fatigue, vomiting, blisters, headache, skin peeling, nausea, joint pain"
Exanthems and Drug Eruptions,"enlarged lymph nodes, fever, joint pain, Rash, headache, skin peeling, itching, swelling, nausea, red spots, blisters, vomiting, purple spots, fatigue, hives"
Exanthems and Drug Eruptions,"nausea, hives, purple spots, fatigue, vomiting, skin peeling, Rash, fever, blisters, joint pain, headache, swelling, itching, red spots, enlarged lymph nodes"
Exanthems and Drug Eruptions,"headache, Rash, fever, nausea, hives, swelling, itching, fatigue, blisters, enlarged lymph nodes, vomiting, joint pain, purple spots, skin peeling, red spots"
Exanthems and Drug Eruptions,"skin peeling, Rash, nausea, vomiting, joint pain, swelling, hives, fatigue, fever, enlarged lymph nodes, purple spots, itching, blisters, red spots, headache"
Exanthems and Drug Eruptions,"hives, swelling, headache, itching, skin peeling, purple spots, blisters, red spots, joint pain, vomiting, nausea, fatigue, enlarged lymph nodes, fever, Rash"
Exanthems and Drug Eruptions,"blisters, skin peeling, red spots, fatigue, enlarged lymph nodes, nausea, swelling, joint pain, Rash, fever, headache, purple spots, vomiting, hives, itching"
Exanthems and Drug Eruptions,"enlarged lymph nodes, hives, nausea, itching, purple spots, fever, fatigue, joint pain, headache, blisters, red spots, swelling, skin peeling, Rash, vomiting"
Exanthems and Drug Eruptions,"headache, fever, joint pain, blisters, hives, purple spots, Rash, red spots, swelling, enlarged lymph nodes, vomiting, itching, nausea, fatigue, skin peeling"
Exanthems and Drug Eruptions,"enlarged lymph nodes, itching, headache, fever, swelling, hives, vomiting, skin peeling, nausea, fatigue, red spots, blisters, joint pain, Rash, purple spots"
Exanthems and Drug Eruptions,"swelling, fever, vomiting, itching, fatigue, hives, headache, purple spots, blisters, skin peeling, enlarged lymph nodes, nausea, Rash, joint pain, red spots"
Exanthems and Drug Eruptions,"purple spots, fever, swelling, red spots, nausea, vomiting, enlarged lymph nodes, itching, headache, hives, skin peeling, fatigue, Rash, blisters, joint pain"
Exanthems and Drug Eruptions,"purple spots, skin peeling, red spots, hives, nausea, fever, itching, blisters, fatigue, Rash, vomiting, enlarged lymph nodes, headache, swelling, joint pain"
Exanthems and Drug Eruptions,"headache, skin peeling, purple spots, blisters, vomiting, Rash, red spots, fatigue, nausea, fever, joint pain, itching, swelling, enlarged lymph nodes, hives"
Exanthems and Drug Eruptions,"itching, blisters, joint pain, skin peeling, fever, Rash, swelling, hives, fatigue, enlarged lymph nodes, vomiting, headache, purple spots, red spots, nausea"
Exanthems and Drug Eruptions,"vomiting, fatigue, fever, purple spots, hives, joint pain, red spots, blisters, headache, enlarged lymph nodes, itching, Rash, skin peeling, nausea, swelling"
Exanthems and Drug Eruptions,"Rash, joint pain, itching, blisters, skin peeling, fever, red spots, fatigue, headache, hives, swelling, nausea, purple spots, enlarged lymph nodes, vomiting"
Exanthems and Drug Eruptions,"red spots, vomiting, headache, purple spots, Rash, nausea, enlarged lymph nodes, swelling, joint pain, blisters, hives, itching, fatigue, fever, skin peeling"
Exanthems and Drug Eruptions,"nausea, fatigue, purple spots, Rash, vomiting, enlarged lymph nodes, joint pain, fever, blisters, red spots, swelling, hives, itching, skin peeling, headache"
Exanthems and Drug Eruptions,"blisters, headache, hives, vomiting, enlarged lymph nodes, fever, joint pain, purple spots, Rash, fatigue, red spots, nausea, skin peeling, swelling, itching"
Exanthems and Drug Eruptions,"vomiting, hives, Rash, blisters, swelling, nausea, purple spots, red spots, skin peeling, itching, enlarged lymph nodes, headache, fever, fatigue, joint pain"
Exanthems and Drug Eruptions,"blisters, skin peeling, Rash, vomiting, enlarged lymph nodes, itching, nausea, joint pain, headache, fever, swelling, purple spots, fatigue, red spots, hives"
Exanthems and Drug Eruptions,"skin peeling, blisters, itching, nausea, swelling, purple spots, headache, hives, vomiting, fatigue, red spots, joint pain, enlarged lymph nodes, fever, Rash"
Exanthems and Drug Eruptions,"fever, nausea, swelling, purple spots, itching, red spots, headache, blisters, enlarged lymph nodes, fatigue, skin peeling, hives, vomiting, Rash, joint pain"
Exanthems and Drug Eruptions,"enlarged lymph nodes, joint pain, Rash, nausea, fever, blisters, headache, fatigue, skin peeling, hives, swelling, red spots, purple spots, vomiting, itching"
Exanthems and Drug Eruptions,"itching, headache, blisters, purple spots, joint pain, Rash, enlarged lymph nodes, skin peeling, swelling, hives, nausea, red spots, vomiting, fatigue, fever"
Exanthems and Drug Eruptions,"swelling, skin peeling, headache, joint pain, red spots, nausea, enlarged lymph nodes, vomiting, purple spots, fever, hives, itching, blisters, Rash, fatigue"
Exanthems and Drug Eruptions,"red spots, purple spots, itching, hives, blisters, fatigue, headache, joint pain, skin peeling, nausea, fever, vomiting, Rash, swelling, enlarged lymph nodes"
Exanthems and Drug Eruptions,"enlarged lymph nodes, Rash, red spots, nausea, hives, fatigue, joint pain, swelling, purple spots, blisters, vomiting, itching, fever, headache, skin peeling"
Exanthems and Drug Eruptions,"vomiting, blisters, joint pain, fever, fatigue, itching, swelling, hives, headache, purple spots, enlarged lymph nodes, skin peeling, red spots, Rash, nausea"
Exanthems and Drug Eruptions,"nausea, swelling, skin peeling, blisters, joint pain, headache, vomiting, purple spots, Rash, hives, fever, fatigue, itching, enlarged lymph nodes, red spots"
Exanthems and Drug Eruptions,"headache, skin peeling, fatigue, Rash, red spots, swelling, enlarged lymph nodes, joint pain, fever, purple spots, vomiting, nausea, itching, blisters, hives"
Exanthems and Drug Eruptions,"blisters, itching, fatigue, swelling, vomiting, hives, purple spots, skin peeling, fever, nausea, headache, joint pain, Rash, enlarged lymph nodes, red spots"
Exanthems and Drug Eruptions,"purple spots, hives, joint pain, enlarged lymph nodes, Rash, red spots, nausea, fever, blisters, swelling, headache, vomiting, skin peeling, fatigue, itching"
Exanthems and Drug Eruptions,"nausea, blisters, Rash, red spots, skin peeling, joint pain, itching, fever, purple spots, hives, fatigue, vomiting, headache, swelling, enlarged lymph nodes"
Exanthems and Drug Eruptions,"skin peeling, Rash, vomiting, headache, joint pain, fever, itching, red spots, hives, fatigue, nausea, blisters, swelling, enlarged lymph nodes, purple spots"
Exanthems and Drug Eruptions,"red spots, swelling, fatigue, headache, vomiting, nausea, hives, enlarged lymph nodes, fever, itching, blisters, Rash, joint pain, purple spots, skin peeling"
Monkeypox,"redness, swollen lymph nodes, crusts, skin rash, pus-filled lesions, Fever, muscle aches, scabs, pimples, pain, chills, exhaustion, blisters, itching, headache"
Monkeypox,"pain, headache, muscle aches, blisters, itching, exhaustion, crusts, pimples, pus-filled lesions, Fever, scabs, skin rash, swollen lymph nodes, chills, redness"
Monkeypox,"swollen lymph nodes, crusts, pus-filled lesions, skin rash, headache, chills, itching, scabs, blisters, Fever, pain, pimples, redness, exhaustion, muscle aches"
Monkeypox,"pain, redness, swollen lymph nodes, itching, pus-filled lesions, Fever, blisters, scabs, chills, muscle aches, skin rash, crusts, headache, pimples, exhaustion"
Monkeypox,"muscle aches, exhaustion, itching, redness, crusts, pain, scabs, pus-filled lesions, headache, blisters, Fever, pimples, swollen lymph nodes, chills, skin rash"
Monkeypox,"muscle aches, exhaustion, redness, headache, Fever, chills, scabs, crusts, skin rash, pain, itching, pus-filled lesions, swollen lymph nodes, blisters, pimples"
Monkeypox,"redness, pus-filled lesions, headache, Fever, scabs, pain, crusts, exhaustion, pimples, itching, swollen lymph nodes, skin rash, chills, blisters, muscle aches"
Monkeypox,"pimples, skin rash, Fever, exhaustion, swollen lymph nodes, itching, chills, crusts, pus-filled lesions, pain, redness, scabs, muscle aches, headache, blisters"
Monkeypox,"pimples, blisters, exhaustion, skin rash, headache, chills, Fever, pus-filled lesions, crusts, muscle aches, redness, pain, itching, scabs, swollen lymph nodes"
Monkeypox,"scabs, crusts, blisters, itching, muscle aches, pain, Fever, skin rash, exhaustion, chills, pimples, swollen lymph nodes, redness, headache, pus-filled lesions"
Monkeypox,"scabs, pus-filled lesions, redness, chills, pimples, crusts, exhaustion, headache, Fever, muscle aches, blisters, swollen lymph nodes, skin rash, itching, pain"
Monkeypox,"headache, skin rash, exhaustion, scabs, redness, pus-filled lesions, itching, pimples, swollen lymph nodes, blisters, pain, chills, muscle aches, crusts, Fever"
Monkeypox,"pimples, headache, exhaustion, pain, itching, swollen lymph nodes, redness, scabs, skin rash, pus-filled lesions, crusts, Fever, muscle aches, blisters, chills"
Monkeypox,"pus-filled lesions, swollen lymph nodes, skin rash, crusts, itching, blisters, muscle aches, chills, redness, Fever, pimples, pain, headache, scabs, exhaustion"
Monkeypox,"scabs, muscle aches, headache, swollen lymph nodes, pus-filled lesions, chills, skin rash, exhaustion, crusts, redness, Fever, itching, pain, blisters, pimples"
Monkeypox,"pus-filled lesions, pain, muscle aches, itching, Fever, headache, skin rash, exhaustion, swollen lymph nodes, redness, chills, crusts, blisters, scabs, pimples"
Monkeypox,"itching, chills, pus-filled lesions, Fever, pimples, muscle aches, skin rash, crusts, exhaustion, headache, redness, swollen lymph nodes, scabs, pain, blisters"
Monkeypox,"muscle aches, pimples, headache, Fever, pain, exhaustion, swollen lymph nodes, skin rash, blisters, chills, crusts, scabs, itching, redness, pus-filled lesions"
Monkeypox,"scabs, pimples, Fever, redness, swollen lymph nodes, crusts, pain, skin rash, chills, headache, muscle aches, itching, pus-filled lesions, blisters, exhaustion"
Monkeypox,"blisters, skin rash, chills, Fever, pus-filled lesions, crusts, itching, muscle aches, scabs, pain, pimples, exhaustion, headache, swollen lymph nodes, redness"
Monkeypox,"crusts, pimples, blisters, exhaustion, swollen lymph nodes, scabs, redness, chills, itching, pus-filled lesions, headache, skin rash, Fever, muscle aches, pain"
Monkeypox,"pimples, muscle aches, redness, crusts, itching, headache, swollen lymph nodes, pain, exhaustion, skin rash, Fever, blisters, chills, pus-filled lesions, scabs"
Monkeypox,"muscle aches, pimples, blisters, skin rash, redness, itching, headache, swollen lymph nodes, pain, scabs, crusts, exhaustion, pus-filled lesions, chills, Fever"
Monkeypox,"Fever, pimples, muscle aches, redness, scabs, blisters, exhaustion, pus-filled lesions, swollen lymph nodes, itching, headache, skin rash, chills, crusts, pain"
Monkeypox,"crusts, muscle aches, scabs, skin rash, blisters, pus-filled lesions, itching, swollen lymph nodes, chills, pimples, redness, pain, exhaustion, headache, Fever"
Monkeypox,"swollen lymph nodes, chills, skin rash, scabs, pain, muscle aches, headache, blisters, pus-filled lesions, Fever, itching, exhaustion, pimples, crusts, redness"
Monkeypox,"pus-filled lesions, muscle aches, scabs, pimples, swollen lymph nodes, blisters, exhaustion, redness, Fever, chills, crusts, headache, itching, skin rash, pain"
Monkeypox,"chills, swollen lymph nodes, pus-filled lesions, blisters, headache, crusts, exhaustion, scabs, redness, skin rash, muscle aches, Fever, pimples, pain, itching"
Monkeypox,"headache, chills, swollen lymph nodes, scabs, pain, redness, Fever, exhaustion, itching, pus-filled lesions, skin rash, blisters, crusts, muscle aches, pimples"
Monkeypox,"pus-filled lesions, skin rash, scabs, crusts, blisters, exhaustion, pimples, redness, Fever, itching, swollen lymph nodes, headache, pain, muscle aches, chills"
Monkeypox,"swollen lymph nodes, pus-filled lesions, skin rash, pimples, scabs, muscle aches, pain, exhaustion, blisters, Fever, redness, crusts, itching, chills, headache"
Monkeypox,"scabs, pus-filled lesions, itching, crusts, muscle aches, blisters, exhaustion, Fever, swollen lymph nodes, pain, headache, redness, pimples, chills, skin rash"
Monkeypox,"pus-filled lesions, blisters, skin rash, redness, chills, exhaustion, Fever, itching, pain, muscle aches, crusts, swollen lymph nodes, headache, pimples, scabs"
Monkeypox,"swollen lymph nodes, redness, pus-filled lesions, muscle aches, crusts, blisters, chills, pimples, Fever, pain, headache, skin rash, exhaustion, scabs, itching"
Monkeypox,"headache, pimples, itching, blisters, Fever, crusts, pus-filled lesions, exhaustion, muscle aches, redness, swollen lymph nodes, skin rash, scabs, chills, pain"
Monkeypox,"redness, crusts, chills, muscle aches, headache, exhaustion, Fever, pus-filled lesions, swollen lymph nodes, pimples, skin rash, itching, pain, blisters, scabs"
Monkeypox,"redness, muscle aches, swollen lymph nodes, headache, exhaustion, pain, itching, blisters, pus-filled lesions, skin rash, chills, crusts, pimples, Fever, scabs"
Monkeypox,"headache, skin rash, muscle aches, scabs, pus-filled lesions, Fever, itching, pain, blisters, chills, swollen lymph nodes, pimples, exhaustion, redness, crusts"
Monkeypox,"headache, pus-filled lesions, pimples, skin rash, scabs, muscle aches, itching, blisters, swollen lymph nodes, crusts, Fever, redness, exhaustion, pain, chills"
Monkeypox,"skin rash, chills, redness, pus-filled lesions, pimples, muscle aches, headache, itching, swollen lymph nodes, scabs, crusts, exhaustion, blisters, pain, Fever"
Monkeypox,"skin rash, pimples, blisters, muscle aches, itching, Fever, headache, pain, redness, pus-filled lesions, crusts, swollen lymph nodes, exhaustion, scabs, chills"
Monkeypox,"crusts, scabs, pimples, Fever, exhaustion, swollen lymph nodes, muscle aches, redness, skin rash, itching, chills, blisters, headache, pain, pus-filled lesions"
Monkeypox,"skin rash, pain, headache, muscle aches, crusts, exhaustion, chills, swollen lymph nodes, itching, Fever, redness, scabs, blisters, pus-filled lesions, pimples"
Monkeypox,"pus-filled lesions, crusts, skin rash, blisters, muscle aches, swollen lymph nodes, scabs, chills, pain, exhaustion, Fever, redness, headache, itching, pimples"
Monkeypox,"blisters, swollen lymph nodes, crusts, pain, chills, skin rash, muscle aches, pimples, pus-filled lesions, exhaustion, redness, Fever, headache, itching, scabs"
Monkeypox,"pimples, scabs, chills, muscle aches, redness, swollen lymph nodes, pain, headache, crusts, Fever, exhaustion, skin rash, itching, pus-filled lesions, blisters"
Monkeypox,"chills, swollen lymph nodes, Fever, blisters, redness, crusts, pimples, pus-filled lesions, itching, exhaustion, muscle aches, headache, scabs, skin rash, pain"
Monkeypox,"crusts, Fever, exhaustion, scabs, pain, pus-filled lesions, redness, headache, chills, skin rash, itching, pimples, blisters, swollen lymph nodes, muscle aches"
Monkeypox,"headache, pus-filled lesions, skin rash, exhaustion, crusts, redness, pain, blisters, swollen lymph nodes, itching, scabs, muscle aches, Fever, chills, pimples"
Monkeypox,"chills, exhaustion, Fever, crusts, pus-filled lesions, skin rash, headache, pimples, itching, swollen lymph nodes, muscle aches, blisters, redness, scabs, pain"
Monkeypox,"scabs, Fever, skin rash, muscle aches, itching, redness, blisters, pus-filled lesions, chills, headache, swollen lymph nodes, pain, exhaustion, pimples, crusts"
Monkeypox,"crusts, muscle aches, skin rash, Fever, pimples, pus-filled lesions, exhaustion, itching, redness, blisters, chills, scabs, swollen lymph nodes, pain, headache"
Monkeypox,"itching, skin rash, exhaustion, swollen lymph nodes, chills, pimples, pain, blisters, headache, Fever, crusts, muscle aches, redness, scabs, pus-filled lesions"
Monkeypox,"redness, Fever, pimples, headache, blisters, pus-filled lesions, pain, skin rash, muscle aches, exhaustion, itching, swollen lymph nodes, scabs, chills, crusts"
Monkeypox,"itching, blisters, redness, scabs, pus-filled lesions, muscle aches, skin rash, crusts, exhaustion, pain, Fever, pimples, chills, headache, swollen lymph nodes"
Monkeypox,"crusts, pain, muscle aches, chills, exhaustion, pimples, blisters, headache, skin rash, redness, pus-filled lesions, itching, scabs, swollen lymph nodes, Fever"
Monkeypox,"pus-filled lesions, crusts, itching, muscle aches, chills, swollen lymph nodes, scabs, redness, pimples, Fever, skin rash, exhaustion, headache, blisters, pain"
Monkeypox,"chills, pimples, Fever, skin rash, pain, itching, headache, redness, pus-filled lesions, exhaustion, scabs, blisters, swollen lymph nodes, muscle aches, crusts"
Monkeypox,"swollen lymph nodes, crusts, redness, muscle aches, scabs, pus-filled lesions, Fever, pain, exhaustion, headache, chills, skin rash, itching, blisters, pimples"
Monkeypox,"muscle aches, blisters, itching, redness, pimples, scabs, chills, swollen lymph nodes, pus-filled lesions, exhaustion, Fever, crusts, pain, skin rash, headache"
Monkeypox,"pus-filled lesions, swollen lymph nodes, muscle aches, blisters, chills, Fever, skin rash, pain, crusts, exhaustion, headache, itching, scabs, pimples, redness"
Monkeypox,"crusts, pus-filled lesions, itching, Fever, skin rash, blisters, swollen lymph nodes, muscle aches, scabs, chills, headache, redness, pain, pimples, exhaustion"
Normal,"no lesions, clear skin, no itching, no blisters, no redness, No symptoms, no discoloration, no swelling, healthy appearance, no pain, no rash"
Normal,"no redness, no swelling, no lesions, clear skin, no itching, no pain, healthy appearance, no discoloration, No symptoms, no rash, no blisters"
Normal,"no pain, no lesions, no swelling, clear skin, No symptoms, no blisters, no redness, healthy appearance, no discoloration, no itching, no rash"
Normal,"no blisters, No symptoms, no pain, no discoloration, no lesions, no itching, healthy appearance, no swelling, no redness, clear skin, no rash"
Normal,"no swelling, no discoloration, healthy appearance, No symptoms, no pain, no blisters, no redness, clear skin, no rash, no lesions, no itching"
Normal,"no redness, no swelling, no itching, no pain, clear skin, no lesions, no blisters, no rash, No symptoms, healthy appearance, no discoloration"
Normal,"healthy appearance, no rash, no blisters, no discoloration, no swelling, clear skin, No symptoms, no lesions, no pain, no redness, no itching"
Normal,"no pain, No symptoms, no redness, no itching, no blisters, no discoloration, no lesions, clear skin, no rash, no swelling, healthy appearance"
Normal,"no itching, no lesions, no pain, no discoloration, No symptoms, healthy appearance, clear skin, no swelling, no blisters, no redness, no rash"
Normal,"no discoloration, no redness, no swelling, healthy appearance, no blisters, no rash, no lesions, no itching, clear skin, No symptoms, no pain"
Normal,"healthy appearance, no discoloration, no pain, clear skin, no blisters, no redness, no itching, no swelling, no rash, no lesions, No symptoms"
Normal,"no itching, clear skin, no discoloration, no redness, no pain, healthy appearance, no lesions, no swelling, no rash, No symptoms, no blisters"
Normal,"no rash, no blisters, no redness, healthy appearance, No symptoms, no itching, no pain, clear skin, no discoloration, no lesions, no swelling"
Normal,"no pain, No symptoms, clear skin, no rash, no blisters, no redness, no swelling, no lesions, no itching, no discoloration, healthy appearance"
Normal,"no rash, no blisters, no swelling, no discoloration, healthy appearance, no redness, clear skin, no pain, No symptoms, no itching, no lesions"
Normal,"no rash, no redness, no swelling, no blisters, healthy appearance, no discoloration, no itching, no pain, No symptoms, no lesions, clear skin"
Normal,"clear skin, no redness, No symptoms, healthy appearance, no blisters, no itching, no discoloration, no lesions, no swelling, no rash, no pain"
Normal,"no itching, no discoloration, clear skin, no rash, no blisters, no swelling, no pain, no lesions, No symptoms, no redness, healthy appearance"
Normal,"clear skin, no itching, healthy appearance, no discoloration, no swelling, no redness, no rash, No symptoms, no blisters, no pain, no lesions"
Normal,"no swelling, No symptoms, no itching, healthy appearance, no pain, no lesions, no redness, clear skin, no blisters, no rash, no discoloration"
Normal,"No symptoms, no redness, no pain, healthy appearance, no swelling, no discoloration, no blisters, no itching, no lesions, no rash, clear skin"
Normal,"no blisters, no pain, no discoloration, clear skin, no lesions, healthy appearance, no rash, no itching, no swelling, No symptoms, no redness"
Normal,"no redness, no blisters, No symptoms, no rash, no itching, healthy appearance, clear skin, no swelling, no lesions, no pain, no discoloration"
Normal,"no pain, clear skin, no discoloration, no swelling, no lesions, no itching, no rash, no blisters, no redness, healthy appearance, No symptoms"
Normal,"clear skin, no pain, no blisters, no rash, no lesions, No symptoms, healthy appearance, no redness, no discoloration, no itching, no swelling"
Normal,"no lesions, no blisters, no redness, healthy appearance, no itching, no pain, no swelling, clear skin, no rash, no discoloration, No symptoms"
Normal,"no pain, No symptoms, no lesions, no redness, no itching, clear skin, no blisters, healthy appearance, no discoloration, no rash, no swelling"
Normal,"no pain, no rash, clear skin, no lesions, no discoloration, no swelling, no itching, healthy appearance, no blisters, No symptoms, no redness"
Normal,"no swelling, no rash, no pain, no discoloration, no blisters, No symptoms, no lesions, no itching, healthy appearance, no redness, clear skin"
Normal,"no lesions, no swelling, no itching, no blisters, healthy appearance, no rash, no redness, no pain, no discoloration, clear skin, No symptoms"
Normal,"No symptoms, no redness, no discoloration, clear skin, no itching, no swelling, healthy appearance, no rash, no pain, no lesions, no blisters"
Normal,"no itching, no discoloration, no redness, no swelling, No symptoms, no lesions, no rash, healthy appearance, clear skin, no pain, no blisters"
Normal,"no blisters, healthy appearance, no swelling, no rash, clear skin, no pain, no itching, no redness, no discoloration, no lesions, No symptoms"
Normal,"no redness, no pain, clear skin, No symptoms, no rash, no itching, no lesions, no blisters, healthy appearance, no swelling, no discoloration"
Normal,"no redness, no itching, no blisters, no discoloration, no rash, No symptoms, clear skin, no swelling, no lesions, healthy appearance, no pain"
Normal,"no redness, no rash, healthy appearance, no blisters, No symptoms, no pain, no lesions, no discoloration, no itching, no swelling, clear skin"
Normal,"no itching, no rash, no redness, no blisters, No symptoms, no discoloration, no lesions, healthy appearance, no pain, clear skin, no swelling"
Normal,"no rash, no lesions, healthy appearance, no redness, clear skin, no swelling, no itching, No symptoms, no pain, no blisters, no discoloration"
Normal,"no discoloration, no itching, no blisters, healthy appearance, no rash, no redness, no pain, no swelling, clear skin, No symptoms, no lesions"
Normal,"no discoloration, no blisters, No symptoms, no swelling, no itching, clear skin, no pain, no redness, no lesions, healthy appearance, no rash"
Normal,"no lesions, no rash, no redness, no blisters, no itching, no pain, no swelling, clear skin, no discoloration, healthy appearance, No symptoms"
Normal,"no discoloration, no rash, no blisters, no itching, no pain, no lesions, healthy appearance, No symptoms, no swelling, clear skin, no redness"
Normal,"healthy appearance, no swelling, no lesions, no blisters, no discoloration, No symptoms, no rash, no itching, no pain, clear skin, no redness"
Normal,"no swelling, clear skin, healthy appearance, no redness, No symptoms, no rash, no pain, no blisters, no itching, no discoloration, no lesions"
Normal,"no discoloration, clear skin, no swelling, no redness, no rash, no lesions, no itching, no blisters, healthy appearance, No symptoms, no pain"
Normal,"no itching, no pain, No symptoms, no redness, no discoloration, no rash, no blisters, no lesions, clear skin, no swelling, healthy appearance"
Normal,"healthy appearance, no itching, clear skin, no pain, no lesions, no swelling, no redness, No symptoms, no discoloration, no blisters, no rash"
Normal,"no swelling, no discoloration, no blisters, no redness, healthy appearance, no rash, no pain, clear skin, no itching, No symptoms, no lesions"
Normal,"no swelling, No symptoms, no itching, clear skin, no pain, healthy appearance, no rash, no discoloration, no blisters, no lesions, no redness"
Normal,"no lesions, no swelling, no blisters, No symptoms, no pain, healthy appearance, no discoloration, no itching, no rash, no redness, clear skin"
Normal,"No symptoms, no blisters, no discoloration, healthy appearance, no pain, no lesions, clear skin, no itching, no swelling, no redness, no rash"
Normal,"no lesions, no pain, no redness, healthy appearance, no swelling, no blisters, no itching, clear skin, No symptoms, no rash, no discoloration"
Normal,"no swelling, clear skin, no redness, no blisters, no rash, healthy appearance, no pain, no lesions, no itching, No symptoms, no discoloration"
Normal,"no redness, no blisters, no discoloration, clear skin, no swelling, no rash, no pain, healthy appearance, no itching, no lesions, No symptoms"
Normal,"no pain, no redness, No symptoms, no swelling, no discoloration, no blisters, no itching, healthy appearance, no lesions, no rash, clear skin"
Normal,"no lesions, No symptoms, no swelling, no itching, no discoloration, no blisters, clear skin, no redness, healthy appearance, no pain, no rash"
Normal,"no lesions, no discoloration, no swelling, no rash, No symptoms, no itching, no blisters, no pain, no redness, clear skin, healthy appearance"
Normal,"no lesions, no redness, no rash, No symptoms, no swelling, no pain, no itching, healthy appearance, no discoloration, no blisters, clear skin"
Normal,"no itching, healthy appearance, no discoloration, no swelling, clear skin, no blisters, no rash, no lesions, No symptoms, no redness, no pain"
Normal,"No symptoms, no rash, no swelling, no discoloration, clear skin, no itching, healthy appearance, no pain, no lesions, no redness, no blisters"
Normal,"no redness, healthy appearance, no pain, no swelling, no itching, No symptoms, no rash, no blisters, no discoloration, no lesions, clear skin"
Normal,"no redness, healthy appearance, No symptoms, no lesions, no itching, no swelling, no discoloration, no rash, clear skin, no blisters, no pain"
